country,1960,1961,1962,1963,1964,1965,1966,1967,1968,1969,1970,1971,1972,1973,1974,1975,1976,1977,1978,1979,1980,1981,1982,1983,1984,1985,1986,1987,1988,1989,1990,1991,1992,1993,1994,1995,1996,1997,1998,1999,2000,2001,2002,2003,2004,2005,2006,2007,2008,2009,2010,2011,2012,2013,2014,2015,2016,2017
Afghanistan,,,,,,,,,,,,,,,,,,,,,,,,,,,,,,,,,,,,,,,,,,,37.9,36.9,29.4,30.8,28.3,29.8,24.7,29.1,26.1,23.6,23.6,22.6,22,20.5,21,
Albania,,,,,,,,,,,,,,,,,,,,,33.6,32.4,31.7,34.1,33.1,34.6,34,33.2,31.5,32.3,35.9,39.3,51.6,54.6,53.6,55.8,35.1,30.2,27.1,24.4,23.5,21.9,21.6,21.5,20.2,18.6,17.5,17.1,16.8,16.8,18,18.2,18.8,19.6,20,19.8,19.9,19
Algeria,18.6,17.8,18.1,15.4,13,14.4,10.3,11.7,12.2,10.2,9.69,10.1,8.96,7.59,7.02,9.63,9.2,7.81,8.07,8.4,7.94,8.52,7.76,7.1,6.84,8.27,9.28,11.7,11.1,12,10.4,9.22,11.2,11.2,9.23,9.54,10.8,8.73,11.5,11.1,8.4,9.75,9.22,9.81,9.44,7.69,7.54,7.57,6.59,9.34,8.47,8.11,8.77,9.85,10.3,11.6,12.3,12.3
Andorra,,,,,,,,,,,,,,,,,,,,,,,,,,,,,,,,,,,,,,,,,0.487,0.459,0.406,0.444,0.442,0.405,0.382,0.399,0.442,0.435,0.5,0.535,0.612,0.577,0.496,0.47,0.492,
Angola,,,,,,,,,,,,,,,,,,,,,,,,,,12.2,12.9,11.7,14.5,17.4,16.4,28.6,7.89,10.5,6.08,6.65,7.03,9,12.9,6.29,5.66,8.16,,,,,,,,,,,,,,,,
Antigua and Barbuda,,,,,,,,,,,,,,,,,,4.97,4.49,3.58,3.07,2.96,2.7,2.68,2.04,2.13,1.87,1.91,1.77,1.71,1.78,1.78,1.8,1.75,1.58,1.64,1.62,1.72,1.67,1.67,1.59,1.61,1.73,1.75,1.61,1.76,1.65,1.61,1.55,1.5,1.63,1.93,1.88,2,1.57,1.67,1.64,1.63
Argentina,,,,,,12.9,10.3,9.98,9.72,9.19,9.64,10.9,11,12,10.2,6.58,8.15,8.09,7.5,7.8,6.35,6.48,9.6,8.66,8.35,7.63,7.8,8.09,8.98,9.62,8.12,6.72,5.99,5.14,5.08,5.35,5.61,5.22,5.25,4.46,4.68,4.57,10.2,10.3,8.36,7.94,6.94,7.45,7.32,5.27,7.13,7,5.78,6.05,6.71,5.16,6.35,5.61
Armenia,,,,,,,,,,,,,,,,,,,,,,,,,,,,,,,16,23.6,28.5,49.3,43.5,40.7,34.8,29.4,30.8,27,23.2,25.6,23.4,21.5,22.6,19.1,18.7,18.2,16.3,16.9,17,20.3,17.9,18.4,18.1,17.2,16.4,14.9
Australia,,,,,,,,,,,,,,,,,,,,,,,,,,,,,,,4.21,3.18,3.05,3.26,3.35,3.02,3.39,3.24,3.04,3.06,3.12,3.5,3.95,2.89,3.07,2.89,2.73,2.2,2.34,2.3,2.2,2.28,2.26,2.28,2.22,2.37,2.43,2.77
Austria,,,,,,,,,,,,,,,,,5.11,4.41,4.41,4.29,4.33,3.97,3.65,3.41,3.58,3.14,3.23,3.2,3.05,3.01,3.1,2.81,2.45,2.2,2.37,2.16,1.98,1.91,1.79,1.72,1.65,1.67,1.56,1.49,1.48,1.26,1.3,1.42,1.34,1.15,1.27,1.4,1.35,1.25,1.2,1.11,1.1,1.13
Azerbaijan,,,,,,,,,,,,,,,,,,,,,,,,,,,,,,,26.5,30.5,26.1,27.1,32.3,25.2,24.8,20.1,18.1,18.4,16.1,14.8,14,12.4,11,9.1,7.1,6.7,5.6,6.1,5.5,5.1,5.14,5.37,5.3,6.2,5.6,5.63
Bahamas,,,,,,,,,,,,,,,,,,,,,,,,,2.04,1.9,1.81,1.83,,2.01,2.21,2.83,2.66,2.46,2.68,2.83,2.65,1.56,1.38,1.27,1.34,1.2,1.51,1.35,1.16,1.06,1.17,1.09,1.04,0.91,1.1,1.09,1.07,0.915,0.852,0.818,0.88,1
Bahrain,,,,,,,,,,,,,,,,,,,,,0.984,1.01,1.06,1.15,1.12,1.19,1.37,1.34,1.18,1.14,0.949,0.882,0.91,0.851,0.86,0.863,,,,,,,,,,,,0.292,0.265,0.337,0.298,0.291,0.276,0.275,0.3,0.315,0.333,0.292
Bangladesh,57.5,58,57,57.1,53.4,52.8,53.9,55.9,53.6,55.4,54.6,51,59.6,56.6,56.6,62,51.9,48.9,54.3,52.5,32.8,32,31.4,31,34.7,33,32.4,32.7,31.3,30.6,30.5,31.7,30.5,27.3,26.7,27.3,23.3,23.2,22.6,22.7,22.7,21.8,20.6,19.8,19.3,18.6,18,17.8,17.6,17.1,17,16.8,16.2,15.5,15.4,14.8,14,13.4
Barbados,,,,,,,,,,,,,,,,,,,,,,,,,,,,,,,3.43,3.48,3.45,3.25,2.44,3.14,3.27,2.62,1.95,2.29,1.96,2.08,1.85,1.94,1.61,1.55,1.44,1.35,1.23,1.42,1.32,1.23,1.32,1.44,1.38,1.34,1.38,
Belarus,,,,,,,,,,,,,,,,,,,,,,,,,,,,,,,22.9,22.2,22.8,17.2,13.6,15.8,15.1,13.4,12.1,12.7,12.1,10.4,10.1,8.64,8.85,8.52,8.58,8.3,8.67,8.37,8.89,8,8.13,6.81,7.3,6.28,6.9,7.77
Belgium,,,,,,,,,,,,,,,,,,,,,,,,,,,,,,,,,,,,1.3,1.32,1.33,1.25,1.07,1.17,1.1,1.03,1.02,1.02,0.837,0.903,0.885,0.708,0.649,0.762,0.644,0.785,0.688,0.649,0.683,0.617,0.618
Belize,,,,,,,,,,,,,,,,,,,29,28.1,24,23,19.7,18.9,18.3,17.8,18.1,19.7,18.8,18.1,17.4,15.9,16,15.1,15.1,15.9,15.8,15.4,14.8,15.6,14.6,13.1,12.7,14.5,14.3,13.3,12.7,11.5,11,11.2,11.5,11.4,13.1,13.4,13.5,12.6,10.6,10.9
Benin,46.2,46.2,44.7,43.7,45.5,44.6,45.1,42.1,38.9,38.5,36.3,34.4,34.2,33.6,31.5,30.5,33.2,31.9,34.5,35,35.4,32.7,32.5,33.2,33.3,31.5,33.7,33.3,34.4,37.9,34.7,35,33.9,34.1,32.3,33.1,35.7,35.8,36.6,23.2,22.9,23,23.9,22.8,24.8,24.7,25.2,24.3,24,23.8,22.7,22.8,22.3,21.3,21.5,22.5,23.2,22.4
Bhutan,,,,,,,,,,,,,,,,,,,,,42.9,40.7,41.5,41.4,41.7,42.6,41.4,35.8,37.5,35.2,34.4,32.9,33.4,31.4,33.4,30.8,30.2,30,28.5,26.3,26.8,25.6,25.5,24.4,24,22.3,21.4,18.7,18.4,18.2,16.8,16.3,16,16.1,16.8,16.7,16.5,15.2
Bolivia,,,,,,,,,,,19.5,19.8,19.3,20.1,21.2,20.8,20.6,20.2,18.5,18.1,16.9,17.3,16.1,19.5,21.5,19,16.9,16.3,15.7,15.3,15.4,15.5,14.4,14.6,15.2,14.9,14.2,14.9,12.6,13.3,13,13.3,13,13.4,13.3,11.8,10.9,10,10.4,11.2,10.4,9.77,9.81,9.97,9.74,10.2,11.2,11.6
Bosnia and Herzegovina,,,,,,,,,,,,,,,,,,,,,,,,,,,,,,,,,,,35.9,20.7,20.7,17.5,16,13.3,8.9,8.87,8.27,7.34,8.85,8.29,8.05,7.7,7.21,7.08,6.8,6.76,6.14,6.84,5.95,6.24,6.37,5.82
Botswana,43.2,41.9,40.7,39.7,38.6,33.8,39.3,41.3,43.7,38.7,33,33,33,33.1,31.8,27.5,24.7,22.6,18.4,14.5,12.7,12.4,10.3,7.97,6.89,5.92,5.29,6.24,5.63,4.7,4.53,4.38,4.63,4.52,3.76,4.64,3.69,3.54,3.17,2.99,2.79,2.59,2.43,2.72,2.26,1.83,2.05,2.24,2.53,2.82,2.49,2.46,2.65,2.3,2.09,2.2,2.05,1.99
Brazil,17.7,17.1,15.5,15.1,15.8,16.7,13.3,13,11.8,11.1,10.4,11,11.1,11.4,11.2,10.7,11.5,12.9,10.3,9.9,9.95,9.64,8.06,9.83,10.4,10.5,9.93,9.01,9.14,8.44,6.87,6.79,6.78,6.56,8.54,5.01,4.77,4.69,4.75,4.65,4.75,4.8,5.48,6.17,5.67,4.65,4.37,4.42,4.57,4.48,4.12,4.34,4.17,4.51,4.33,4.32,4.89,4.57
Brunei,,,,,,,,,,,,,,,1.34,1.34,1.11,1.02,1.09,0.902,0.635,0.694,0.844,0.985,1.07,1.21,1.93,1.93,2.22,0.962,0.966,1.02,0.965,1.08,1.2,1.16,1.12,1.23,1.41,1.23,1.02,1.13,1.09,1.22,1.13,0.947,0.706,0.69,0.636,0.909,0.733,0.575,0.655,0.685,0.863,1.1,1.2,1.09
Bulgaria,,,,,,,,,,,,,,,,,,,,,14.4,16.6,17.2,14.5,15.8,11.9,12.9,11.8,11.5,10.9,17.7,15.4,11.6,9.93,11.5,13.1,11.6,20.6,13.8,13.1,11,10.7,9.76,9.11,8.46,7.29,6.12,4.65,5.88,4.24,4.16,4.6,4.56,4.6,4.57,4.14,4.05,3.74
Burkina Faso,38.5,38.3,37.9,38.5,38.7,35.4,36.3,33.4,31.6,32,30.5,30.6,31.9,29.4,30.8,28.9,29,28.4,30.1,29.4,28.4,29.8,27.5,27.6,28.5,33.9,29.4,27.8,28.5,27.6,28,29.8,28.8,30.2,32.9,33.2,36.4,33.7,36.6,30.6,30.8,36.2,35.8,34.4,31.6,35.3,34,29.9,37,32.4,32.5,30.8,31.5,31.7,31.4,30.3,29,27.8
Burundi,,,,,,,,,,,65.3,64.8,60.8,63.3,61,61.3,59.5,55.6,54,53.8,57.6,58.1,52.6,53.5,54.7,56,52.5,50.6,48.2,47.1,51.1,48.6,48,47.2,40.7,42,53.4,42.4,44.5,47.6,44.1,43.8,43.3,42.8,41.9,40.8,40.6,34.4,37.2,37,37,36.9,37.1,36.3,35.7,37.1,36.4,
Cambodia,,,,,,,,,,,,,,,,,,,,,,,,,,,,,,,,,,45.3,45.6,47.7,44.5,44.4,44.5,40.9,35.7,34.3,31.1,32,29.4,30.7,30.1,29.7,32.8,33.5,33.9,34.6,33.5,31.6,28.9,26.6,24.7,23.4
Cameroon,,,,,,32.7,31.9,31.1,31.5,30.7,31.4,31,32,30.8,29.5,29.1,27.6,33.6,31.4,30.8,28.7,27.2,27,23.2,22,20.6,21.6,24,23.9,25.5,24,24.3,26.6,15.2,16.9,17.9,17.7,18.2,17.6,18.3,16.7,17.4,16.5,15.9,15.5,14.1,13.2,13.2,13.1,13.7,14.1,13.5,13.7,13.9,14.2,14.8,15.3,15.3
Canada,,,,,,,,,,,,,,,,,,,,,,,,,,,,,,,,,,,,,,,,,,,,,,,,1.41,1.6,1.38,1.33,1.61,1.65,1.73,1.42,,,
Cape Verde,,,,,,,,,,,,,,,,,,,,,18.6,15.8,12.6,12.1,11.9,13,13.6,17.6,17.7,16.2,14.4,13.4,11.8,10.1,12.9,13.7,12.4,11.7,10.9,13.6,12.9,11.4,10.4,10.1,9.86,9,8.32,8.52,7.75,8.32,7.99,7.84,8.45,8.28,8.02,8.74,8.46,6.41
Central African Republic,,,,,,43.6,39.4,37,33.9,33.8,31.8,33.2,34.3,34.1,39.1,35.1,37.7,37.6,37.2,37.4,37.6,37.3,39.3,38.2,39.2,43.7,46.8,44.2,45.8,44.4,45.3,43,43.9,43.8,42.8,44.1,50.2,51.4,51.5,48.3,49.5,51,50.9,54.3,52.6,52.2,52.6,51.2,52.6,51.1,50.3,51.6,50.7,43.8,40.6,40,40.5,39.6
Chad,39.7,38.7,38.5,38,36.6,35.8,36.6,39.9,39.5,38.4,37.1,37.2,37.8,36.5,36.7,37,35.8,35.5,36.1,41.3,45.7,40.3,40,38.9,32.6,37,31.7,31.8,35.2,30.2,27.9,35.5,34.3,31.4,37.2,35.1,37.5,38.3,39,38.1,40.7,40.3,37.9,32.3,22.9,53.8,55.8,54.7,54.6,46.5,51.9,51.2,54.9,50,50.6,50.2,49.5,48.6
Chile,9.91,9.55,8.73,7.58,8.17,8.44,8.83,8.21,7.34,6.53,6.47,7.75,7.9,6.34,5.45,6.23,8.05,9.41,7.32,6.91,6.86,6.19,5.87,5.64,7.04,6.88,8.04,8.18,7.87,7.66,7.54,8.48,8.39,7.25,6.7,6.22,5.45,5.44,5.7,5.64,5.38,4.41,4.44,4.46,4.06,4.13,3.88,3.71,3.71,3.74,3.62,3.67,3.3,3.38,3.93,3.76,4.03,3.83
China,23.2,35.8,39,39.9,38,37.5,37.2,39.8,41.6,37.5,34.8,33.6,32.4,32.9,33.4,32,32.4,29,27.7,30.7,29.6,31.3,32.8,32.6,31.5,27.9,26.6,26.3,25.2,24.6,26.6,24,21.3,19.3,19.5,19.6,19.3,17.9,17.2,16.1,14.7,14,13.3,12.3,12.9,11.6,10.6,10.3,10.3,9.79,9.53,9.43,9.42,9.3,9.06,8.83,8.56,7.92
Colombia,,,,,,29.3,28.5,28.3,28.3,27.5,25.1,23.5,24.1,24.1,24.4,23.9,23.6,25,23,21.5,19.4,19.2,18.8,18.7,17.4,17,17.5,18.1,16.7,16.1,16.2,17,15.5,13.6,14.8,14,12.8,12.6,13.2,13,8.31,8.32,8.51,8.33,7.91,7.73,7.36,7.12,6.87,6.86,6.5,6.25,5.79,5.59,5.66,6.04,6.67,6.46
Comoros,,,,,,,,,,,,,,,,,,,,,34,34.2,33.5,35,34.6,36.1,37.4,38,39.5,40.9,41.4,39.7,39.5,39.1,37.6,40.9,40.9,40.9,40.9,40.9,38.9,40.9,41.1,41.1,41.1,41.2,41,40.8,42.6,42.6,39.6,38.8,36.9,35.9,34.5,33.6,,
"Congo, Dem. Rep.",,,,,,20.1,21.6,21.6,21.8,18,14.7,13.6,13.8,13.8,14.6,16.5,21.8,23.1,26.6,27.3,25.3,24.7,30.1,33.1,29.8,29.9,31.6,29,29,27.8,30.1,40,49.2,51.3,56.5,56.5,33.3,47.5,46.5,52.4,32,32.9,26.6,26.1,23.9,21.6,21.2,21.6,22.6,23.7,21.4,20.9,20.4,19.3,18.6,18.4,18.6,19.9
"Congo, Rep.",23.6,20.5,19.8,21,21.1,19.1,19.2,19.9,19.6,17.7,17.9,17.1,16.4,15.7,15.1,14.5,13.5,15.4,16,14.3,11.7,7.88,7.86,7.58,6.92,7.45,12.1,11.9,13.9,12.9,12.9,11.3,11.5,11.2,10.3,10.5,8.99,9.14,11,8.36,5.3,5.8,6.26,6.28,5.51,4.54,3.96,4.33,3.68,4.51,3.83,3.38,3.93,4.36,4.83,7.24,8.73,7.24
Costa Rica,26,25.7,25.8,24.5,24.6,23.5,23.2,23.2,23.3,23.1,22.5,20.4,20.1,20.2,19.4,20.3,20.4,21.9,20.4,18.5,17.8,23,24.5,12.3,11.8,10.6,11.7,12.1,11.7,11.2,11.1,12,11.9,11.9,12.4,12.8,12.2,12.6,12.7,11.2,9.29,8.41,8.47,8.88,8.89,8.66,8.47,7.96,7.02,7.09,6.59,5.84,5.41,5.04,5.12,4.96,5.19,5.2
Cote d'Ivoire,47.9,46.4,45.9,44.2,39.8,39.6,37.4,34.8,35.6,33.6,31.9,30.9,29.8,31,25.5,28.2,24.5,24.3,25.9,26.4,25.9,26.5,24.1,21.9,24.1,26.5,28.5,29.2,32,32.7,32.5,33.3,34,28.2,25.3,24.7,24.6,23.3,24.2,23.2,25,25.9,27.3,28.8,23.6,22.6,22.6,22,22.7,21.2,24.5,26.7,22.5,21,21.1,22.7,20.9,20.5
Croatia,,,,,,,,,,,,,,,,,,,,,,,,,,,,,,,,,,,,5.99,5.88,5.5,5.7,5.81,5.33,5.34,5.26,4.33,4.68,4.23,4.35,4.11,4.23,4.36,4.16,4.01,3.79,3.71,3.5,3.52,3.43,3.29
Cuba,,,,,,,,,,,12.1,12.1,12.1,12.1,12.1,12.1,12.1,12.1,12.1,12.2,12,12.1,12.2,12.3,12.4,11.2,12.4,12.6,12.8,12.7,13,12.8,12.4,9.57,7.9,6.88,7.13,7.19,6.12,6.12,6.6,6.38,5.95,5.75,5.47,4.36,3.41,3.91,3.82,3.93,3.61,3.6,3.85,3.92,3.94,3.84,,
Cyprus,,,,,,,,,,,,,,,,15.7,15.9,13.2,10.9,10.2,9.59,9.26,9.27,7.9,8.94,7.49,7.33,7.43,7.17,6.93,6.86,6.19,5.72,5.61,5.07,4.78,4.58,3.92,4.33,3.9,3.65,3.86,3.79,3.35,3.08,2.74,2.28,2.02,2.09,1.99,2.1,2.19,1.98,2.01,1.82,1.85,1.81,
Czech Republic,,,,,,,,,,,,,,,,,,,,,,,,,,,,,,,,,,4.18,4.2,3.96,3.62,3.32,3.4,3.12,3.12,3.01,2.56,2.36,2.31,2.21,2.07,1.96,1.94,1.64,1.52,2.15,2.35,2.4,2.47,2.23,2.21,2.19
Denmark,,,,,,,,,,,4.6,4.56,4.79,5.28,5.16,4.41,4.3,4.66,4.71,3.97,4.07,4.33,4.65,4.03,4.65,4.22,3.88,3.45,3.16,3.5,3.29,3.03,2.79,2.69,2.6,2.85,2.79,2.64,2.14,1.94,2.15,2.34,1.78,1.61,1.62,1.15,1.17,1.17,0.858,0.834,1.2,1.31,1.65,1.3,1.38,0.803,0.801,1.15
Djibouti,,,,,,,,,,,,,,,,,,,,,,,,,,,,,,,,,,,,,,,,,,,,,,,,,,,,,,1.84,1.87,1.78,1.94,2.19
Dominica,,,,,,,,,,,,,,,,,,31.1,32.7,28,26.4,25.9,24.4,23.2,22.2,22.3,24.3,23.7,22.5,18.7,19.8,19.1,18.1,17.3,17.7,14.9,16,15.5,15.1,15,11.8,11.2,10.7,10.8,11,11.3,10.5,10.4,11.6,12.6,11.5,12.5,12,13.9,13.4,14.2,16.1,15.7
Dominican Republic,,,,,,23.2,21.9,20.3,20.3,21.3,23.2,22.2,20.6,22.2,22.2,21.5,19,20.1,18.6,18.7,20.1,18.6,17.7,17.2,18.5,13.1,17.4,11.9,15.7,13.8,13.4,12.5,12,10.8,9.99,9.81,9.19,9.14,8.99,7.82,6.72,7,6.81,6.69,7.02,7.21,6.86,6.51,6.34,6.14,6.06,5.64,5.4,5.3,5.24,5.6,5.78,5.67
Ecuador,29.1,29.7,30.8,29.8,27.8,31.3,28,28.4,29.3,26.3,26,25.3,25.8,25.4,24.1,22.4,20.1,18.7,18.2,16,16.1,15.8,15.9,16.9,18.6,18.9,20.8,21.3,22,22.4,20.5,20.9,18.9,23.4,22.1,21.9,20.8,20.1,17.5,17.6,15.4,12.7,11.2,10.8,9.69,9.48,9.41,9.36,8.97,9.91,9.73,9.6,8.64,8.77,9.13,9.45,9.54,9.49
Egypt,,,,,,25.4,24.7,24.9,25.5,25.8,25.3,25.1,27.5,27.9,29.5,28.1,25.9,24.4,23.3,19.9,17.4,19.2,18.9,18.9,19.3,19.3,19.6,19.6,18,18.7,18.4,17.2,15.6,15.7,15.7,15.7,16.1,15.8,15.9,15.9,15.5,15.4,15.4,15.3,14.3,14,13.2,13.4,12.6,13,13.3,13.9,11.3,11.3,11.3,11.4,11.8,11.5
El Salvador,,,,,,41.4,38.7,38.5,37.4,36.2,40.4,39.2,38.1,39.8,37.3,35.3,39.3,43,37,38.9,38,34.4,32.6,31.2,28.9,26.9,27.4,20.8,21,18.3,16,15.8,13,12.7,12.5,11.5,10.9,10.9,9.47,7.93,7.17,6.69,5.82,5.49,5.73,6.17,6.05,6.99,7.09,6.67,6.98,7.33,6.51,5.62,5.87,5.81,5.95,5.8
Equatorial Guinea,,,,,,,,,,,,,,,,,,,,,,,,,,,,,,,,,,,,,,,,,,,,,,,1.52,1.37,0.893,1.06,1.06,1.05,1.06,1.19,1.29,1.89,2.37,2.29
Eritrea,,,,,,,,,,,,,,,,,,,,,,,,,,,,,,,,,27.4,19.4,21.9,18.8,16.2,15.1,23.4,22.7,12.6,15.2,13.6,11.8,10.6,22.6,24.6,24.3,16.8,14.1,,,,,,,,
Estonia,,,,,,,,,,,,,,,,,,,,,,,,,,,,,,,,,,,,5.06,4.74,4.52,5.32,3.95,4.32,4.23,3.77,3.6,3.45,3.1,2.72,3.03,2.44,2.12,2.79,3.4,3.19,2.99,3.05,2.71,2.2,2.46
Ethiopia,,,,,,,,,,,,,,,,,,,,,,54.7,53.3,54.4,47.9,52.6,51,49.1,48.6,48.4,49.5,58.7,63.8,59.9,52.7,51.9,51.2,54,49.1,45.5,44.7,42.3,38.7,37.3,38.7,41.2,42.5,42.3,45.2,45.9,41.4,41.2,44.3,41.2,38.5,36.1,34.8,34.1
Fiji,,,,37.8,33,30.3,29.1,26.5,26.4,24.4,25.1,21.6,22,22.4,23.3,23.5,23.6,21.4,20.1,19.7,20.3,18,18.6,16.6,13.9,16.4,19,20.9,17.6,19.6,18,18.3,17.6,17,17.9,17.2,17.3,14.8,14.3,16.4,14.9,13,13.2,12.4,12.3,12,12.3,11.8,10.7,10.1,9.38,9.22,9.68,10.1,9.84,9.42,11.1,
Finland,,,,,,,,,,,,,,,,9.79,9.3,8.65,8.25,8.13,8.57,7.66,7.77,7.56,7.24,6.87,6.55,5.28,5.19,5.22,5.39,4.82,4.27,4.37,4.19,3.8,3.45,3.43,2.9,2.89,2.96,2.77,2.68,2.54,2.38,2.28,2,2.35,2.17,2.23,2.39,2.36,2.36,2.57,2.4,2.23,2.31,2.32
France,10.5,9.01,9.79,8.79,7.95,7.78,7.59,7.57,7.35,6.77,6.63,6.07,6.78,6.78,5.41,4.81,4.56,4.32,4.17,4.13,3.61,3.53,4.05,3.6,3.36,3.34,3.23,3.09,2.85,3.13,3.14,2.61,2.59,2.3,2.4,2.44,2.4,2.34,2.36,2.24,2.1,2.11,2.01,1.85,1.82,1.68,1.52,1.61,1.52,1.32,1.6,1.65,1.63,1.46,1.56,1.61,1.45,1.51
Gabon,32.2,35.2,35.9,44.1,30.2,26.3,25.2,24.1,18.4,18.6,18.5,13.8,13.1,11.6,8.21,6.4,5.01,5.46,6.51,7.45,6.76,6.12,6.12,6.5,6.1,6.75,9.24,11,10.1,8.69,7.32,7.62,8.25,8.48,9.09,8.03,7.09,7.22,7.02,7.29,6.21,6.14,5.74,6,5.47,4.98,4.91,4.96,4.23,5.04,3.91,3.43,3.35,3.33,3.62,4.31,4.97,5.55
Gambia,,,,,,,32.2,32.3,32.2,32.2,30.2,30.3,32.3,32.2,32.2,32.1,32.6,31,27.9,26.7,27,30.6,35.4,32.3,28,26.4,28.8,30.6,27.4,25.9,24.3,18.2,17.3,17.2,19.2,21.4,17.9,20.6,19.2,24,24.5,25.4,24.1,26.7,26.8,27.1,21.8,20.5,25.2,26.2,29,18.9,20.3,18.9,17.4,17.3,17,16.9
Georgia,,,,,,,,,,,,,,,,,,,,,23,23.6,21.5,22,24.1,24.1,24.8,22.5,22.4,21.5,30,26.6,52.3,58,64.5,51.5,33.2,27.5,26.2,24.7,20.6,21,19.2,19.3,16.4,14.8,11.2,9.2,8.13,8.1,7.28,7.62,7.39,8.18,7.99,7.9,7.73,7.02
Germany,,,,,,,,,,,,,,,,,,,,,,,,,,,,,,,,1.06,0.965,0.916,0.928,0.947,0.993,0.983,0.932,0.913,0.953,1.04,0.856,0.783,0.908,0.687,0.706,0.743,0.805,0.66,0.647,0.739,0.703,0.879,0.69,0.555,0.553,0.634
Ghana,40.9,35.4,37.9,35.9,35.4,43.5,43.3,40.2,41.8,45.9,46.5,44.2,46.6,49,51.1,47.7,50.6,56.2,60.7,60,57.9,53.1,57.3,59.7,49.2,44.9,47.8,50.6,49.6,49,44.8,45.5,44.8,36.9,37.8,38.8,39,35.8,36,35.8,35.3,35.2,35.1,36.5,38,37.5,28.9,27.3,29.4,31,28,23.7,22.1,21.7,20.5,19.1,17.7,17
Greece,,,,,,,,,,,,,,,,,,,,,,,,,,,,,,,,,,,,7.38,6.58,6.24,5.97,5.78,5.44,5.2,4.99,5,4.28,4.28,3.2,3.04,2.81,2.8,2.88,2.95,3.24,3.21,3.4,3.75,3.46,3.53
Grenada,,,,,,,,,,,,,,,,,,17.7,16,17.3,16.5,17.1,14.3,13.4,13,11.1,11.1,12.3,11.7,10.3,8.88,8.92,7.78,7.43,7.12,7.18,6,5.59,5.23,5.37,5.16,5.37,6.29,5.87,5.01,2.96,3.89,3.56,3.77,4.63,4.51,4.45,4.83,4.84,6.1,7.43,6.24,5.77
Guatemala,,,,,,28.7,28.5,27.4,27.9,27.3,27.3,27.7,28.3,27.9,27.9,28,27.3,26.3,25.8,25.4,24.8,25,25.1,25.3,25.6,25.9,25.6,26,25.8,25.6,25.9,25.7,25.3,24.9,24.5,24.2,24.1,23.7,23.4,23,22.8,13.9,13.9,13.3,12.9,12.4,11.3,11.5,11.2,11.7,11.1,11.1,10.6,10.6,10.7,10.5,10,10.1
Guinea,,,,,,,,,,,,,,,,,,,,,,,,,,,23.8,26.2,23.3,23.6,24.7,18.3,16.6,17.4,20.2,18.5,17.4,20.1,21.2,21.5,21,21.7,21.6,20.8,23.3,22.3,15.6,16.8,16,16.4,17.5,16.1,16.8,17.5,17.5,18.5,17.8,16.2
Guinea-Bissau,,,,,,,,,,,47.5,44.9,45.8,42.9,41.4,47.8,48.1,46.2,51.6,51.6,42.2,49.3,46.8,42.4,41.3,46.5,45.2,53.5,54,48.7,56.9,51.3,47.8,52.8,52.3,51.8,54.2,53.6,61.4,55,41.7,37.5,41.8,42.3,42,44.4,42.3,43.2,46.7,44,45.1,45,46.9,44.1,41.1,46.8,46.3,49.2
Guyana,23.6,23.9,23.5,24.5,22,21.6,19.1,18.8,17.4,17.9,16.8,18,17.4,16.5,27.7,28.7,20.8,18.7,20.2,19.9,20.7,18.8,20.2,19.8,20.9,22.5,22.6,25.9,22.6,35.1,33.6,34.3,35.7,31.1,31.2,34.5,32.3,29.8,29,29.4,25.8,26.1,26.4,26.9,26.2,28.9,21.5,18.6,20,17.9,16.4,16.4,16.5,16.5,16.5,17.1,13.3,12.7
Haiti,,,,,,,,,,,,,,,,,,,,,,,,,,,,,,,,30,34.2,31,34.1,23.7,19.7,21,21.4,22.8,19.8,19.8,19.7,18.4,7.91,18.1,20.4,22.7,22.2,22.3,25.7,20.6,17.7,18.2,17.6,17.1,17.5,17.6
Honduras,33.8,35.3,35.4,34.4,34.5,36.4,36.2,35.4,34.6,32.7,29.3,28.2,28,28,26.6,24.6,25.5,26.9,24.2,22.8,21.2,20,19.5,19,18.6,19.3,18.4,18.5,18.8,18.9,20,19.5,17.5,17.7,20.9,18.7,19.2,19.9,16.3,13.6,14.4,13.2,12.2,11.6,12.2,12.5,11.9,11.9,12.2,10.8,11.6,14.2,13.6,12.2,12.5,12.2,12.1,12.9
Hungary,,,,,,,,,,,,,,,,,,,,,,,,,,,,,,,,,,,,7.09,7.18,6.26,5.96,5.24,4.88,4.85,4.18,3.85,4.29,3.67,3.5,3.4,3.36,2.97,2.99,3.91,3.84,3.85,3.97,3.71,3.72,3.31
Iceland,,,,,,,,,,,,,,,,,,,,,,,,,,,,,,,,,,,,,,8.29,8.2,7.62,7.04,7.53,7.59,6.33,5.3,4.8,4.75,4.31,5.01,5.82,6.52,6.77,6.71,6,5.26,5.45,5.11,
India,41.8,40.9,38.8,39.8,41.7,39.4,40.5,43.3,42.1,41.8,40.4,38.5,38.5,41.6,38.6,35.7,33.8,35.3,33.5,31.6,33.4,32.1,30.9,31.7,30.5,29,27.8,27.2,28.3,27.2,27.2,27.6,27,27.2,26.7,24.7,25.7,24.6,24.7,23.3,21.9,21.9,19.8,19.8,18,17.8,17.4,17.3,17.3,17.3,17.5,17.2,16.8,17.1,16.8,16.2,16.3,15.5
Indonesia,,,,,,,,,,,,,,,,,,,,,,,,24.1,23.5,23.8,24.3,23.3,24.1,23.4,21.5,19.7,19.5,17.9,17.3,17.1,16.7,16.1,18.1,19.6,15.7,16,16.3,15.2,14.3,13.1,13,13.7,14.5,15.3,13.9,13.5,13.4,13.4,13.3,13.5,13.5,13.1
Iran,25.9,24.9,23.8,22.3,20.8,18.6,17.4,16.5,15.9,14.5,13,12.7,12,9.87,6.93,6.67,6.49,5.67,7.46,8.57,11.1,13.7,12.8,11.1,12.3,12.8,15.2,16.3,15.4,15.6,12.5,12,12.1,10.4,10.6,12.6,10.3,9.81,11.6,9.91,9.07,8.31,7.83,7.45,6.89,6.5,7.12,7.19,6.12,6.92,6.5,5.45,7.62,9.75,9.78,10.5,9.64,10.1
Iraq,,,,,,,,,16.2,15,16.6,15.8,19,13.5,8.19,7.84,8.18,8.51,7.85,5.48,4.7,8.42,10.3,11.2,13.3,14.4,14.8,14.3,14.6,16.4,8.25,15.6,19.9,15.5,20.1,20.6,18.6,8.46,10.9,7.2,4.63,6.93,8.56,8.41,6.94,6.89,5.83,4.93,3.85,5.23,5.16,4.56,4.12,4.77,4.9,4.75,5.1,4.7
Ireland,,,,,,,,,,,,,,,,,,,,,,,,,,,,,,,,,,,,5.77,4.84,3.91,3.48,2.57,2.5,1.99,1.73,1.48,1.57,1.03,0.918,1.04,0.845,0.554,0.957,1.21,0.991,1.12,1.29,0.893,0.925,
Israel,,,,,,,,,,,,,,,,,,,,,,,,,,,,,,,,,,,,1.72,1.58,1.48,1.67,1.43,1.26,1.47,1.5,1.41,1.33,1.56,1.51,1.45,1.5,1.75,1.5,1.53,1.22,1.2,1.14,1.17,1.17,
Italy,,,,,,,,,,,,,,,,,,,,,,,,,,,,,,,3.17,3.22,3.1,2.98,2.98,2.96,2.96,2.84,2.75,2.71,2.55,2.48,2.36,2.35,2.34,2.03,1.94,1.89,1.87,1.79,1.77,1.89,1.96,2.09,1.94,2.02,1.89,1.92
Jamaica,,,,,,,,,,,,,,,,,,,,,,,,,,,,,,,,,,7.65,8.51,8.6,8,7.63,7.17,6.68,6.23,6.12,5.54,5.21,4.98,5.19,5.16,4.62,4.9,5.47,5.27,5.65,5.77,5.97,5.97,6.3,6.63,6.45
Japan,,,,,,,,,,,,,,,,,,,,,,,,,,,,,,,,,,,1.94,1.69,1.69,1.56,1.63,1.6,1.54,1.38,1.39,1.31,1.24,1.13,1.09,1.06,1.06,1.08,1.1,1.08,1.14,1.1,1.06,1.11,1.15,
Jordan,,,,,,14.1,10,15.7,9.68,12.5,10.8,12.4,12.3,8.06,14.8,6.93,7.47,7.63,9.68,6.27,7.14,5.51,5.63,6.15,5.12,4.92,5.1,5.89,5.86,5.47,6.88,7.24,6.84,5.13,4.43,3.69,3.23,2.89,2.58,2.01,2.02,1.95,2.19,2.47,2.5,2.76,2.58,2.53,2.42,2.72,2.99,2.92,2.75,2.99,3.32,3.68,3.79,4.01
Kazakhstan,,,,,,,,,,,,,,,,,,,,,,,,,,,,,,,,,23.3,16.4,14.9,12.3,12.2,11.4,8.57,9.89,8.11,8.72,8,7.86,7.12,6.37,5.5,5.66,5.32,6.15,4.51,4.99,4.29,4.5,4.33,4.71,4.56,4.43
Kenya,35.3,34.1,37.6,38.4,36.8,32.4,34.7,33.7,31.7,30.9,30.2,28.2,32.2,31.9,31.3,30.2,33.3,37,32.1,30.2,27.8,27.9,29,29.9,29.5,28.6,28.8,27.2,25.5,26,25.3,24.3,24.8,26.8,28.1,26.3,27.5,27.7,27.7,28.7,28.7,27.8,25.9,25.8,24.9,24.2,20.5,20.6,22.2,23.4,24.8,26.3,26.2,26.4,27.5,30.2,32.1,31.5
Kiribati,,,,,,,,,,,,,,,,,,,18.5,17.6,14.3,19,19.2,20,27.6,20.6,14.8,16.7,21,17.3,11.1,26.8,30.5,29.4,29.3,28.5,26.1,23.9,24.4,25.2,20,20.4,21.7,23.4,24.4,20.5,21.3,21.7,23.8,23.4,23.5,24.5,23.1,22.2,,,,
Kuwait,,,,,,,,,,,,,,,,,,,,,,,,,,,,,,,,,,,,,,,,,,,,,,,,,,,0.452,0.439,0.36,0.355,0.451,0.538,0.568,
Kyrgyz Republic,,,,,,,,,,,,,,,,,,,,,,,,,,,,,31.1,32.8,32.7,35.3,37.3,39.1,38.4,40.7,46.3,41.2,36.1,34.9,34.2,34.5,34.4,33.6,29.9,28.5,28.7,26.9,23.5,18.8,17.4,16.6,16.7,14.6,14.7,14.1,12.8,12.3
Lao,,,,,,,,,,,,,,,,,,,,,,,,,,,,,,47.5,46.5,44,46.7,43.4,44.1,42.2,40.5,51.9,33.9,34.3,33.6,32.7,33.4,32.1,30.5,28.3,26.7,25.8,24.2,24.2,22.6,20.8,18.5,17.9,17.8,17.6,17.2,16.2
Latvia,,,,,,,,,,,,,,,,,,,,,,,,,,,,,,,,,,,,7.9,6.81,5.09,3.94,3.87,4.58,4.51,4.62,4.06,4.29,3.81,3.3,3.33,2.97,3.31,3.94,3.45,3.27,3.28,3.34,3.64,3.42,3.4
Lebanon,,,,,,,,,,,,,,,,,,,,,,,,,,,,,,,,,,,6.47,6.79,6.18,6.71,6.09,6.2,6.24,5.86,5.66,5.49,3.78,3.54,4.44,4.87,4.49,3.93,3.85,3.79,3.74,3.98,4.08,3.45,3.45,3.53
Lesotho,88.2,89.4,88.2,83.8,81.7,79.3,55.4,46,46.4,42.2,43.3,27.9,43,49.5,39.4,36.5,30.8,37.6,30.3,34.3,22.4,24.3,16.7,16.3,15.2,16,15.8,14.3,14,12.6,12.2,7.33,9.08,8.33,8.26,8.78,7.69,7,8.32,8.78,7.83,8.3,6.4,6.35,5.98,5.67,4.84,4.98,5.21,5.74,5.12,5.15,5,5.92,5.62,4.97,5.2,
Liberia,,,,,27.3,26.7,24.6,24.1,23.2,24.6,24.1,24.4,22.5,29.9,32.3,26.6,29.8,31.9,34.3,34.3,35.9,31.6,32.2,33.8,35.5,36.5,37.4,38.1,38.1,38.7,54.4,55.6,51.3,50.6,52.4,81.8,94,77,78.6,76.2,76.1,76.5,79,72.2,65,66,63.8,65.6,65.2,58,44.8,44.3,38.8,37.2,35.8,34.4,34.2,34.2
Libya,,,,,,,,,,,,,,,,,,,,,,,,,,,,,,,,,,,,,,,,,,,5.19,4.09,3.34,2.51,2.22,2.18,1.85,,,,,,,,,
Lithuania,,,,,,,,,,,,,,,,,,,,,,,,,,,,,,,,,,,,9.87,10.9,9.42,7.66,6.38,5.58,4.87,4.77,4.42,4.17,4.32,3.86,3.47,3.28,2.53,2.99,3.47,4.02,3.58,3.42,3.44,2.99,3.09
Luxembourg,,,,,,,,,,,,,,,,,,,,,,,,,,,,,,,,,,,,0.913,0.81,0.74,0.805,0.723,0.623,0.596,0.72,0.503,0.554,0.355,0.34,0.409,0.312,0.253,0.247,0.252,0.359,0.277,0.265,0.23,0.242,0.282
"Macedonia, FYR",,,,,,,,,,,,,,,,,,,,,,,,,,,,,,,7.53,11.4,15.2,10.5,11.1,11.2,11.2,11,11.4,11.1,10.1,9.74,10.2,11.5,11.6,9.74,8.99,8.93,11.4,10.4,10.1,9.35,9.1,10,10.2,9.74,9.11,9.42
Madagascar,,,,,,,22.7,22.9,21.9,21.4,21.9,21.5,22.3,23.9,30.5,30.4,29.7,29.3,28.5,26.4,26.7,29.4,30.4,31.8,31.3,31.3,33.1,31.6,29.7,30,26.1,27.9,26.8,26.8,22.4,24.8,25.3,29.2,28.1,27.3,26.5,25.7,29.8,26.8,26.2,25.7,25.1,23.4,22.3,26.8,25.8,26,25.8,24.3,24.3,23.5,21.3,
Malawi,48.4,48.6,48.6,49.2,48.1,48,45.9,44,42.4,41.7,41,41.2,42.5,38.9,38.7,34.8,37,39.3,36.8,49.1,39.2,36,37.2,38.2,37.7,38.1,38.8,43.1,43.4,40.5,38.5,39.6,34.9,44.8,22.3,26.9,31.4,30.3,32.2,34.4,35.7,35.3,38.8,36.2,34.7,32.9,30.9,27.5,30,30.4,29.6,28.8,28.3,28.7,28.7,27.5,25.9,26.1
Malaysia,43.7,45.4,43,35.1,33.3,31,31.5,31.6,31.3,33.1,32.6,28.4,28.3,28.9,32.5,30.7,29.4,28.2,26.4,24.9,23,21.8,21.5,20.2,20.3,20.3,20.2,20,20.1,18.1,15.2,14.4,14.6,13.8,13.7,12.9,11.7,11.1,13.3,10.8,8.6,8.01,8.98,9.31,9.27,8.26,8.61,9.99,9.97,9.22,10.1,11.5,9.79,9.11,8.87,8.46,8.66,8.78
Maldives,,,,,,,,,,,,,,,,,,,,,,,,,,,,,,,,,,,,11.5,10.7,9.85,9.55,9.2,8.76,6.42,6.22,5.31,5.58,7.73,6.6,6.17,6.88,5.42,5.63,5.39,5.19,5.41,5.31,5.7,5.88,
Mali,,,,,,,,61.7,57.9,56.8,57.8,57.1,55.8,51.6,46.1,57.5,55.1,55.2,52.1,55,41.6,42.6,40.4,37,36.7,37,35.6,36.9,39.9,38.2,37.4,39.3,37,39,36.8,37.7,36.9,36,34.6,35.6,32.9,32.8,32.7,29.9,30,32.4,29.8,31.4,33.1,31.8,33,34.6,38.1,36.7,37.3,37.7,38.4,38.3
Malta,,,,,,,,,,,6.3,6.4,6.69,6.51,6.49,5.71,5.77,5.53,4.2,3.64,3.48,3.54,3.73,4.21,4.31,4.18,4.1,4.01,3.58,3.43,3.15,2.98,2.76,2.74,2.56,2.49,2.52,2.5,2.49,2.3,1.99,2.28,2.22,2.1,2.03,1.94,1.94,1.73,1.22,1.48,1.46,1.39,1.31,1.19,1.14,1.1,1.16,
Marshall Islands,,,,,,,,,,,,,,,,,,,,,,,,,,,,,,,,,,,,,,,,,,,,,9.46,8.49,8.53,8.77,9.86,12.2,15,15.2,21.1,20.3,15.7,14.3,15.9,
Mauritania,46,40.6,39.7,40.1,32.6,30.2,30.3,30.4,28.9,24.4,27.5,26.4,25.9,35,31.2,26.7,25.5,26.6,28.5,26.4,28.5,29.3,30,30.2,25.6,20,23.8,29,29.3,28.8,26.6,34.7,34.6,34.8,33.9,34.1,33,30.4,31.5,33.8,34.4,33.6,32.8,34.4,32.6,28.2,21.4,23.6,23.4,24.1,20.3,17.1,17.9,18,21.9,24.5,24,22.9
Mauritius,,,,,,,,,,,,,,,,,21.3,18.5,16.7,17.1,11.2,13.2,14,12.3,12.9,13.7,13.6,13,11.7,11.1,10.9,9.97,10,9.15,8.67,9.2,9.06,8.31,8.13,5.3,6.09,6.5,5.54,5.49,5.6,5.28,4.91,4.38,4.07,3.88,3.64,3.7,3.66,3.38,3.26,3.15,3.19,3.11
Mexico,,,,,,13.1,12.1,11.7,10.9,10.4,12.1,12,10.9,11.5,11.5,11.1,10.6,10.5,10.3,9.18,8.31,8.3,7.43,7.82,8.64,9.13,9.48,8.74,7.26,7.11,7.18,6.88,6.11,5.1,4.62,4.42,4.87,4.45,4.16,3.68,3.32,3.4,3.28,3.39,3.34,3.07,3.08,3.18,3.16,3.24,3.22,3.09,3.17,3.14,3.14,3.2,3.35,3.42
"Micronesia, Fed. Sts.",,,,,,,,,,,,,,,,,,,,,,,,42.2,,,,,,,,,,,,24.1,23.6,23.2,25.5,23.8,24.3,23.3,23.5,23.2,22,22.4,22.4,25,26.2,25.1,24.8,26.4,28.1,26.3,24.8,26.1,27.1,
Moldova,,,,,,,,,,,,,,,,,,,,,,,,,,,,,,,,,,,,29.3,27.5,26,26.7,24.9,25.4,22.7,21,18.3,17.6,16.4,14.5,9.98,8.81,8.5,12,12.3,11.2,12.3,13,12.2,12.1,12.2
Mongolia,,,,,,,,,,,,,,,,,,,,,,16.7,18,18.4,17.2,16.4,18.7,16.4,16.6,15.5,12.5,11.8,25.6,25.7,27.5,32.5,38.5,32.2,32.4,31.7,27.4,23,18.9,18.4,20,19.8,17.6,18.4,19.2,17.9,11.7,10.3,11.3,13.4,13.3,13.4,11.7,10.4
Montenegro,,,,,,,,,,,,,,,,,,,,,,,,,,,,,,,,,,,,,,,,,11.3,10.8,10.9,9.91,9.26,8.76,8.21,7.23,7.44,8.27,7.68,8.07,7.45,8.03,8.1,8.06,7.47,7.62
Morocco,,,,,,23.4,21,21.7,22.4,19.3,19.9,21.9,21.3,20.8,20.7,17.9,19.3,16.4,18.9,17.9,15.1,10.7,12.9,12.6,12.1,13.3,15.7,11.8,14.2,14.4,15.1,17.5,14,13.1,17.3,13.5,18.4,14.6,16.1,13.9,11.9,13.2,13.2,13.9,13.2,11.8,13.6,10.9,12,13,12.9,13.1,12.3,13.4,11.7,12.8,12,13.1
Mozambique,,,,,,,,,,,,,,,,,,,,,33.9,32.3,31.7,35.5,29,47.6,41.8,42.3,40.4,43.7,34.1,36.2,31.5,35.2,32,32.9,31.8,31.4,27.8,24.3,20.1,19.2,24,23.8,23.3,23.5,24.6,24.7,26.9,27.9,27.3,26.3,25.2,24.1,22.8,22.9,22.5,21.8
Myanmar,,,,,,,,,,,,,,,,,,,,,,,,,,,,,,,,,,,,,,,,,57.2,57.1,54.5,50.6,48.2,46.7,43.9,43.3,40.3,38.1,36.9,32.5,30.6,29.5,27.8,26.8,25.5,26.2
Namibia,,,,,,,,,,,,,,,,,,,,,7.98,8.71,8.42,8.02,7.9,7.36,7.72,9.09,9.12,8.42,9.01,9.92,7.04,7.5,10.2,9.53,9.43,8.62,8.69,8.88,10.8,9.7,10,10.2,8.94,10.4,9.67,8.55,7.63,8.25,8.58,8.23,8.05,6.34,6.69,5.88,6.1,6.92
Nauru,,,,,,,,,,,,,,,,,,,,,,,,,,,,,,,,,,,,,,,,,,,,,,,,,,,,,,3.37,3.15,3.64,,
Nepal,,,,,,64.6,68.7,66.2,67.4,66.4,66.9,66.8,67.8,65.3,68.4,69,66.1,60.1,58.9,60.2,57.9,56.8,57.2,56.5,57.3,48.9,48.7,48,47.8,47.7,48.8,44.7,42.7,39.9,40.4,39,38.9,38.8,37.4,38.7,38.2,35.2,36.2,35.1,34.7,33.8,32.4,31.2,30.3,31.3,33.2,35,33.1,31.5,30.3,29.4,29.2,27
Netherlands,,,,,,,,,,5.93,5.11,4.74,4.69,4.62,3.99,4.27,4.27,3.62,3.49,3.46,3.4,3.82,3.93,3.76,3.73,3.75,3.88,3.83,3.78,4.09,3.96,3.85,3.59,3.15,3.17,3.07,2.83,2.92,2.51,2.28,2.24,2.17,2.02,2,1.8,1.79,1.88,1.75,1.58,1.49,1.71,1.51,1.58,1.72,1.66,1.62,1.64,1.86
New Zealand,,,,,,,,,,,,11.9,13.5,12.3,8.87,10.6,12,10.9,10.1,12.4,11,9.67,8.42,8.58,9.58,8.85,7.32,7.51,7.71,7.93,7.58,8.37,8.24,8.71,7.74,7.57,7.67,7.27,7.01,7.33,8.91,9.09,6.95,6.65,6.36,5.62,6.17,8.09,7.24,7.88,8.64,8.16,7.24,8.58,6.27,5.49,,
Nicaragua,,,,,,,,,,,,,,,,,,,,,,,,,,,,,,,,,,,19,20.1,21.4,20,19.2,17,17.8,16.8,16.4,15.6,16,16.1,15.9,16.5,16.3,16.1,17,18.9,17.6,16.5,16.7,16,14.9,15.5
Niger,75.3,73.9,76,72.9,74.3,67.7,66.9,70.7,69.2,66.4,64.9,65.5,62.5,60.3,63.8,50.3,47,51.8,52.7,48.7,43.1,45.7,44.3,41.6,35.8,36.7,34.7,35.2,35.4,34.1,35.3,39.2,38.8,38.5,40.8,40.2,38.9,38.9,42.6,40.7,37.8,40,39.6,39.6,20.1,24.7,42.9,41,43.2,39.2,40.9,38.3,38.1,35.8,36.7,36,39,39.7
Nigeria,,,,,,,,,,,,,,,,,,,,,,26.3,29.6,32.5,37,36.2,37.2,35,39.2,30.5,30,29.6,26.1,32.4,36.9,30.9,30.1,32.8,37.6,34,25.3,32.5,47.1,41.5,33.4,32.4,31.8,32.3,32.4,36.4,23.5,22,21.8,20.8,20,20.6,21,20.8
Norway,,,,,,,,,,,5.1,5.07,4.59,4.45,4.39,4.12,4.4,4.43,4.23,3.78,3.63,3.62,3.42,2.96,3.07,2.86,3.13,3.2,3.09,2.91,2.98,2.91,2.63,2.61,2.6,2.59,2.23,2.06,2.26,2.05,1.82,1.59,1.52,1.31,1.39,1.4,1.41,1.24,1.13,1.3,1.57,1.34,1.13,1.31,1.44,1.53,2.13,2
Oman,,74.2,61.2,60.3,60.2,60.6,58.7,36.9,19.2,16.1,15.5,13.4,12.1,9.86,3.24,2.79,2.07,2.55,3.24,3.13,2.55,2.48,2.53,2.94,2.92,2.77,3.43,3.51,3.83,3.25,2.59,2.63,2.34,2.4,2.53,2.78,2.5,2.62,2.83,2.63,2.24,2.33,2.32,2.21,1.94,1.62,1.4,1.38,1.12,1.48,1.38,1.26,1.16,1.3,1.27,1.64,1.97,
Pakistan,43.7,42.4,40.8,39.6,38.9,37.2,34.3,35.3,36.3,34.1,33.4,32.2,33.2,32.8,32.3,29.9,29,29.4,28.7,27.8,26.5,27.5,28.4,27.3,24.9,25.7,25,23.6,23.2,23.9,23.1,22.9,23.4,22.3,22.9,23.4,23.2,24.5,25.3,25.2,24.1,22.5,21.7,21.7,20.6,20.2,21.6,21.8,22.5,22.7,23.3,25.1,23.7,23.8,23.7,23.8,23.2,22.9
Palau,,,,,,,,,,,,,,,,,,,,,,,,,,,,,,,,,,,,,,,,,3.97,3.75,3.71,3.77,3.78,3.82,4.23,3.72,3.99,4.01,3.88,3.83,3.62,3.66,3.28,2.79,2.9,3.15
Palestine,,,,,,,,,,,,,,,,,,,,,,,,,,,,,,,,,,,13.3,11.8,13,11.4,11.7,10.7,9.68,8.47,8.03,6.98,6.93,5.24,5.45,6.42,6.27,5.97,5.58,5.97,4.65,4.15,3.88,3.55,3.16,
Panama,,,,,,,,,,,10.8,10.6,10,9.48,8.27,8.28,8.76,9.44,8.72,8.06,7.4,7.25,6.76,7.23,6.76,6.86,7.34,7.42,7.96,8.5,8.07,7.66,6.92,6.59,6.46,6.49,6.44,6.32,6.43,6.02,6.29,6.73,6.68,6.87,6.44,6.02,5.75,4.85,4.49,3.79,3.61,3.23,3.05,2.94,2.85,2.72,2.49,2.36
Papua New Guinea,,49,47.4,44,42.6,41.6,41.3,42,42.9,41.8,37.2,34.5,32.4,28.2,28,29.7,31.7,33,36,33.9,33.1,33.4,32.4,32.7,37.4,33.8,32.2,29.9,29.1,28.1,29,26,24.5,27.6,32.4,33.8,31.6,35,33.7,34.3,34,34.4,38,38.3,36,,20.6,19.6,20.2,21.6,19.6,19.2,19.3,19.3,17.8,,,
Paraguay,,,,,,,,,,,,,,,,,,,,,,,,,,,,,,,,16,14.9,16.7,18.2,18.4,18.4,16.4,15.4,15.3,14.7,13.7,14,17,18.8,18.1,17.6,19.5,21.5,17.3,20.4,20.1,16.3,19.5,18.5,17.4,18.1,18.1
Peru,19.1,19.2,18.2,17.1,16.5,16.1,16.2,16.8,16.7,16,16.7,16,15,14.9,14.6,14.8,14,27.9,11.7,9.77,,,,,,,,,,,,7.79,7.78,8.21,8.42,8.04,8.5,8.05,8.38,8.26,8.07,7.89,7.52,7.31,6.93,6.85,6.6,6.71,7.16,7.4,6.83,7.1,6.73,6.67,6.79,7.04,7,
Philippines,26.9,26.8,26.9,27.4,26.5,27.2,27.1,27.4,29.2,29.9,29.5,30.3,29.5,30.6,31.1,30.3,29.3,28.7,28.2,27.4,25.1,24.9,23.3,22.4,24.8,24.6,23.9,24,23,22.7,21.9,21,21.8,21.6,22,21.6,20.6,18.9,14.8,15.2,14,13.2,13.1,12.7,13.3,12.7,12.4,12.5,13.2,13.1,12.3,12.7,11.8,11.3,11.3,10.3,9.66,9.66
Poland,,,,,,,,,,,,,,,,,,,,,,,,,,,,,,,,,,,,5.54,5.13,4.46,3.84,3.22,3.09,3.22,2.69,2.58,3.27,2.9,2.67,3.01,2.54,2.49,2.57,2.83,2.66,2.87,2.61,2.2,2.38,1.68
Portugal,,,,,,,,,,,,,,,,,,,,,,,,,,,,,,,,,,,,4.79,4.56,3.82,3.53,3.28,3.11,2.96,2.72,2.65,2.6,2.3,2.25,2,1.96,1.94,1.92,1.82,1.91,2.08,2.03,2.05,1.9,1.9
Qatar,,,,,,,,,,,,,,,,,,,,,,,,,,,,,,,,,,,,,,,,,0.373,0.376,0.257,0.235,0.182,0.133,0.122,0.11,0.125,0.123,0.118,0.0966,0.0943,0.0961,0.117,0.16,0.183,0.185
Romania,,,,,,,,,,,,,,,,,,,,,,,,,,,,,,,21.8,18.9,19,21,19.9,18.1,17.4,17.4,14.3,12.6,10.8,13,11.3,11.5,12.5,8.38,7.73,5.44,6.3,6.14,5.45,6.39,4.67,5.4,4.72,4.19,4.09,4.37
Russia,,,,,,,,,,,,,,,,,,,,,,,,,,,,,,15.6,15.5,13.8,7.26,7.56,6.11,6.69,6.55,5.87,5.1,6.58,5.75,5.88,5.57,5.5,4.9,4.26,3.86,3.78,3.75,4.08,3.34,3.39,3.2,3.16,3.54,4.13,4.18,4.01
Rwanda,,,,,,74.8,74.9,65.9,65.3,65.8,61.6,61.2,59.6,61,59.1,49.2,49.2,46.5,42.4,49,45.8,40.7,39.8,38.2,40.8,41.8,37.5,37.7,39.2,40.3,32.5,32.1,33.2,33.7,49.8,44,47.2,46,45.5,37.4,37.2,37.3,35.4,38.3,38.6,38.4,35.7,31.3,29.8,30.2,29.1,28.2,29.2,28.9,28.8,28,29.3,31
Samoa,,,,,,,,,,,,,,,,,,,,,,,,,,,,,,,,,,,22.1,17.8,18.1,20.2,18.4,16.4,16.2,14.3,14,11.9,12.8,12.7,11.7,12.6,11.3,11.3,10.4,9.52,9.39,9.66,9.43,9.52,9.59,11.1
Sao Tome and Principe,,,,,,,,,,,,,,,,,,,,,,,,,,,,,,,,,,,,,,,,,,10.7,11.4,11.1,10.8,9.51,9.39,9.72,9.48,10.8,11.3,11.3,11.5,12,11.4,12,11.9,11.5
Saudi Arabia,,,,,,,,,4.94,4.92,4.24,3.3,2.82,2.2,0.836,0.929,0.791,1.17,1.54,1.22,0.986,1,1.59,2.16,2.76,3.66,4.93,5.71,6.32,6.34,5.71,5.43,5.61,6.07,6.15,5.89,5.41,5.37,6.16,5.68,4.92,5.17,5.08,4.5,3.9,3.22,2.95,2.77,2.32,2.85,2.64,2.17,2.08,2.16,2.23,2.62,2.69,2.54
Senegal,22.1,22.5,21.4,22.1,22.5,23.7,24.3,22.2,24.2,21.9,22.5,19.6,23,21.1,22.3,28.3,28.3,25.6,19.8,22.4,17.9,20,20.5,16.4,17.8,20.6,21.3,21.8,18.6,20.6,17.9,18.1,16.6,18.7,17.3,18.9,17.8,17.6,17.3,16.7,16.9,16.3,13.6,15.1,13.7,14.6,12.9,11.9,14,15.2,15.3,12.7,13.7,13.7,13.5,14.8,15.2,15.4
Serbia,,,,,,,,,,,,,,,,,,,,,,,,,,,,,,,,,,,,19.7,19.9,19,16.9,19.3,18.3,17.8,12.9,11.4,11.7,9.98,9.5,8.28,8.69,8.04,8.53,9,7.53,7.88,7.73,6.77,6.49,6.01
Seychelles,,,,,,,,,,,,,,,,,9.62,9.16,8.41,7.3,6.84,7.82,6.4,7.74,6.45,5.75,6.01,5.29,4.73,4.29,4.81,4.78,3.83,4.17,4.13,4.17,3.9,3.49,2.63,3.1,2.83,2.83,2.89,2.64,3.46,3.25,2.98,2.75,2.57,2.26,2.26,2.22,2.04,2.67,2.37,2.05,2.01,
Sierra Leone,,,,,34.8,31,31,34.2,32.4,26.8,26,28.5,29.7,29.5,32.2,35.7,38.6,36.4,32,30,30.4,29.3,33.6,36.6,38.6,42.8,34.7,42.5,43.3,42.5,44,36.7,35.9,40.3,37.4,40,45.2,57.4,59.4,59.9,55,45.1,46.2,46.4,48.5,49.4,50.3,52.2,53.7,55.3,52.9,54.6,50.6,48,51.8,58.7,58.2,60.3
Singapore,3.71,3.51,3.59,3.25,3.33,3.07,3.27,3.05,3.05,2.81,2.57,2.59,2.21,2.29,2.01,2.16,2.04,1.99,1.67,1.55,1.51,1.46,1.34,1.18,1.07,0.922,0.718,0.551,0.418,0.356,0.323,0.25,0.197,0.173,0.173,0.145,0.15,0.133,0.111,0.111,0.0921,0.0826,0.0713,0.0614,0.056,0.0551,0.049,0.043,0.0416,0.041,0.0367,0.0345,0.0332,0.034,0.035,0.0311,0.0299,0.0265
Slovak Republic,,,,,,,,,,,,,,,,,,,,,,,,,,,,,,,,,,,,5.06,4.78,4.62,4.69,4.02,3.95,4.49,4.54,3.99,3.64,3.22,3.21,3.6,3.7,3.02,2.55,3.06,3.23,3.62,4.04,3.39,3.32,3.25
Slovenia,,,,,,,,,,,,,,,,,,,,,,,,,,,,,,,,,,,,3.68,3.47,3.54,3.39,2.84,2.89,2.61,2.8,2.11,2.28,2.29,1.99,1.88,1.65,1.66,1.73,1.99,1.79,1.8,2.02,2.03,1.88,1.82
Solomon Islands,,,,,,,,,,,,,,,,,,,,,,,,,,,,,,,27.3,44.4,45.9,44.3,44.9,42.3,39.1,39.5,35.6,34,33.2,24.4,30.4,39,36.8,33.8,35,,,,,,,,,,,
Somalia,64.4,64.2,64.9,64,64.5,63.4,61.9,59.6,54.6,53.7,52.7,50.5,54.6,53.9,38.3,48.7,51,55.9,55,51.1,64.4,62.8,63,60.8,65.1,63.6,58.6,61.4,66.7,60.8,62.7,,,,,,,,,,,,,,,,,,,,,,,,,,,
South Africa,10.7,11,10.6,10.4,9,8.76,9.05,9.97,8.37,7.82,6.76,7.34,7.21,6.87,8.24,7.27,6.38,6.63,6.29,5.59,5.84,6.05,5.26,4.11,4.43,4.78,4.57,5.15,5.32,4.9,4.21,4.17,3.51,3.83,4.21,3.54,3.86,3.69,3.45,3.24,2.99,3.22,3.38,3.05,2.76,2.39,2.33,2.64,2.86,2.71,2.39,2.29,2.17,2.1,2.17,2.08,2.18,2.29
South Korea,36.2,38.4,36.3,42.8,46.3,37.3,34.2,30,28,27.3,26.4,27,26.4,24.5,24.1,24.4,22.9,21.7,19.8,18.5,14.1,14.9,13.9,12.5,11.8,11.7,10.4,9.27,9.19,8.51,7.6,6.82,6.6,5.9,5.66,5.34,5,4.52,4.28,4.31,3.94,3.69,3.35,3.14,3.18,2.84,2.7,2.45,2.26,2.35,2.24,2.29,2.23,2.13,2.12,2.09,1.93,1.96
Spain,,,,,,,,,,,,,,,,,,,,,,,,,,,,,,,,,,,,3.89,4.39,4.3,4.16,3.81,3.74,3.65,3.46,3.38,3.07,2.71,2.36,2.44,2.29,2.18,2.34,2.28,2.31,2.51,2.43,2.52,2.51,2.59
Sri Lanka,32.1,32.9,31.1,32.3,31,28.6,28.7,30.1,31.6,29.3,28.8,27.5,26.7,27.7,33.5,30.6,29.3,31,30.8,27.2,27.8,28,26.6,28.5,28.9,28.1,27.5,27.3,26.7,26,26.7,27.1,26.1,24.9,24,23.1,22.5,21.9,21.2,20.7,19.9,20.1,14.3,13.2,12.5,11.8,11.3,11.7,13.4,12.7,8.5,8.83,7.45,7.67,8.01,8.18,7.48,7.71
St. Kitts and Nevis,,,,,,,,,,,,,,,,,,10.4,8.7,8.12,8.52,5.91,8.32,6.44,6.84,5.16,6.1,6.21,5.67,4.42,3.64,3.98,4.2,4.07,3.44,3.03,2.92,3.2,2.38,1.83,1.55,1.73,1.78,1.8,1.8,1.67,1.2,1.18,1.29,1.2,1.4,1.48,1.42,1.31,1.14,1.03,0.951,1.07
St. Lucia,,,,,,,,,,,,,,,,,,11.1,11.7,10.8,8.73,8.28,8.82,9.46,9.74,10.8,13.4,9.38,11.7,9.41,10.1,8.8,9.47,7.62,6.39,6.53,5.93,4.7,5.73,5.09,5.07,4.16,4.74,3.92,3.8,2.94,2.87,2.52,3.41,3.31,2.22,1.89,2.17,2.36,2.04,2.06,2.07,1.88
St. Vincent and the Grenadines,,,,,,,,,,,,,,,,,,11.9,14.3,12.5,10,11.8,11,10.4,12.1,12.2,12.4,11.3,13.7,13,14.2,12.5,13.2,9.79,7.07,9.2,8.16,6.45,7.06,6.94,7.43,6.28,6.36,5.53,5.2,5.47,5.27,5.65,5.64,5.92,6.08,6.36,6.16,6.48,6.63,6.24,6.96,6.92
Sudan,51.4,51.5,49.9,44.8,41.8,41.9,35.1,34.9,32.5,34.5,38.2,38.8,38.5,39.8,39.6,35.8,34.4,35.6,34.7,32.1,29.9,33.4,34.1,31.2,28.6,31.5,34.5,31.6,39.4,37.4,39,40.2,38.5,39.9,34.5,37.3,42.4,45,44.4,43.3,40.7,41.2,40.3,36.6,32.2,30.6,28.1,25.2,24.5,24.7,23.3,24.4,33.1,33.8,31.9,31.4,31.2,30.5
Suriname,10.1,10.2,9.86,10,10.1,10.2,9.18,8.69,8.59,7.69,7.2,7.24,7.27,7.03,7.88,6.25,7.08,7.18,6.23,7.41,7.72,7.88,7.88,7.18,7.78,8.17,9.29,10.4,10.1,8.98,8.09,8.81,11.2,18.9,16.3,13.8,14.8,11.7,9.94,8.54,10.2,9.94,6.85,6.54,5.33,4.92,10.2,10.4,9.14,10,9.7,8.93,8.57,8.69,9.38,9.21,9.33,8.74
Swaziland,31.5,30.3,34.8,38.8,36.8,33.1,35.7,27.5,23.2,29.1,30.1,33.5,35.9,29.9,27.7,24.9,25.7,26.1,31.4,28.5,19.5,19.3,16.4,13.9,17.8,16.9,19,14.2,13.8,13,8.87,9.83,7.72,8.87,11.4,10.1,12,10.9,11,11.1,12.3,12.1,12.5,12.4,9.66,11,11.2,10.8,10,9.25,10.2,9.72,10.4,10.3,9.46,9.59,9.46,
Sweden,,,,,,,,,,,,,,,,,,,,,3.91,3.96,4.08,4.03,4.02,3.98,3.84,3.64,3.48,3.42,3.12,2.63,2.49,2.35,2.41,2.45,2.2,2.13,1.99,1.86,1.68,1.68,1.62,1.61,1.59,1,1.19,1.4,1.42,1.3,1.43,1.44,1.31,1.23,1.19,1.2,1.15,1.1
Switzerland,,,,,,,,,,,,,,,,,,,,,,,,,,,,,,,2.24,2.03,1.87,1.7,1.59,1.47,1.32,1.3,1.26,1.16,1.15,0.993,0.984,0.91,0.976,0.861,0.815,0.802,0.836,0.754,0.699,0.697,0.659,0.693,0.721,0.651,0.653,0.647
Syria,,,,,,,,,,,,,,,,,,,,,,,,,,20.8,23.6,25.2,30.2,23.5,28.3,30.7,31.7,29,27.8,28.2,27.7,25.8,29.4,24.1,24.1,25.9,25.7,24.7,22.3,20.7,21,19.5,,,,,,,,,,
Tajikistan,,,,,,,,,,,,,,,,,,,,,,,,,,32.7,33.1,30.8,31.7,32,33.3,36.1,29.5,21,19.1,36.7,36,32,25.1,25.4,25.1,23.8,22.2,24.2,19.2,21.2,21.4,19.4,19.9,18.6,19.6,23.8,23.3,20.4,23.4,21.9,20.4,
Tanzania,,,,,,,,,,,,,,,,,,,,,,,,,,,,,,,42,43.9,44.7,44.8,41.6,43.7,44,42.6,31.5,32.1,31.3,30.7,30.3,30.3,30.9,28.6,29,26.8,28.8,30.2,29.9,29.4,31.1,31.2,28.8,29,29.2,30.1
Thailand,36.4,35.8,34,33.1,30.6,31.9,33.4,29.2,28.7,28.7,25.9,23.9,25.3,27.7,27,26.9,26.7,24.8,24.5,24,23.2,21.4,18.5,20.1,17.6,15.8,15.7,15.7,16.2,15.1,12.5,12.6,12.3,8.03,8.63,9.08,9.07,9.07,10.3,8.9,8.5,8.58,8.7,9.44,9.29,9.2,9.41,9.35,10.1,9.79,10.5,11.6,11.5,11.3,10.1,8.99,8.5,8.66
Timor-Leste,,,,,,,,,,,,,,,,,,,,,,,,,,,,,,,,,,,,,,,,,23.7,19.9,22.7,22.4,12.6,7.37,5.48,5.63,4.4,5.66,5.66,4.08,4.46,5.23,7.36,8.93,11.4,
Togo,54.9,55.2,53.4,51.9,48.9,44.7,43.9,44.2,44.6,43,33.8,31.7,30.7,32,24.6,26.6,32.3,35.4,24.1,25.4,27.5,28.2,27,34.5,33.5,33.7,34.8,33.5,33.6,32.2,33.8,32.8,35.3,44.1,34.9,37.8,40.8,42.2,35,36.9,35.1,37.7,38.2,35.8,36.2,39.4,35.9,35.8,40.7,32.9,31,30.8,42.6,39.7,42,40.7,41.4,41.3
Tonga,,,,,,,,,,,,,,,,42.4,40,38,35.7,36.2,33.4,33.8,32.7,31.1,32.5,31.9,32.9,32.8,31.6,30.4,29.9,30.7,32.8,34.1,21.8,21.4,20.6,20.5,21.6,22.7,20,18.4,18.2,19.2,20.4,17.8,15.8,16.7,14.8,15.3,16.4,17,16.7,17.6,17.1,17.6,17.2,
Trinidad and Tobago,,,,,,,6.71,6.47,6.77,6.77,6.65,6.62,7.11,5.71,4.58,5.04,4.87,4.1,3.65,3.36,2.59,2.6,2.39,2.13,1.33,2.43,2.76,2.77,2.72,2.45,2.54,2.48,2.54,2.51,2.22,2.31,2.08,2.17,2.06,1.94,1.36,1.29,1.4,0.948,0.761,0.484,0.567,0.372,0.366,0.595,0.52,0.457,0.364,0.372,0.349,0.447,0.497,0.478
Tunisia,,,,,,20.8,17.9,16.3,17.6,15.9,17,19.4,21.5,19.7,18.7,18.5,17.8,15.8,15.1,13.5,14.1,13.7,13.2,12.4,14.2,15.8,13,16.5,11.8,12.9,15.7,16.7,16.1,14.7,12.6,11.4,13.7,11.2,10.6,10.6,10,9.42,8.3,9.29,9.9,9.17,9.28,8.64,7.85,8.3,7.53,8.53,9.09,8.89,9.06,10.2,9.22,
Turkey,54.9,51.5,52.8,53.3,50.5,46.2,47.1,44.5,41.6,40.9,39.1,37.4,34.3,34,36,35.4,32.5,31.4,31.8,27.9,26.1,24.2,22.4,20.9,21.2,19.7,19.5,17.8,17.3,16.6,17.5,15.2,15,15.4,15.5,15.7,16.9,14.5,12.5,10.5,10.1,8.85,10.3,9.88,9.42,9.25,8.16,7.52,7.48,8.13,9.03,8.24,7.75,6.73,6.59,6.9,6.18,6.08
Turkmenistan,,,,,,,,,,,,,,,,,,,,,,,,,,,,28,25.9,28.6,33.3,32.2,10.9,18.2,32.7,16.2,12.6,20.2,25.2,24.8,22.5,23.1,20.9,19.1,18.4,18.5,17.2,18.9,10.7,10.5,11.3,8.88,8.5,8.47,8.3,9.3,,
Tuvalu,,,,,,,,,,,,,,,,,,,,,,,,,,,,,,,25.6,24.2,23.2,23.6,23.6,24,26,24.7,21.8,20.7,17.9,18.3,17.4,17.4,18.7,20.4,22.8,23.2,22.1,24.2,26.7,26.1,20.5,19.6,19,16.5,,
Uganda,49.9,49.9,49.2,47.5,47.2,49.1,48,45.8,44.4,45.4,51,54,54.5,58.6,60.5,70.6,71.9,73.3,73.7,65.2,71.8,58.3,50.2,53.1,49.8,48.4,53.1,54.8,54.3,54.4,53.3,49.4,48.2,48.3,46.2,45.3,41,38.1,38.3,34.8,27.5,27.9,23.4,24.5,21.7,25.1,24,22.3,21.4,26.1,26.2,25.1,26.1,25.5,25.1,24,23.7,24.9
Ukraine,,,,,,,,,,,,,,,,,,,,,,,,,,,,20.8,20,22.3,24.4,24.6,20.9,21.5,14.6,13.8,12.2,12.5,12.1,11.9,14.5,14.5,13,10.9,10.8,9.16,7.56,6.57,6.87,7.2,7.45,8.2,7.82,8.79,10.2,12.1,11.6,10.2
United Arab Emirates,,,,,,,,,,,,,,,,0.54,0.545,0.485,0.629,0.547,0.491,0.548,0.64,0.731,0.842,0.926,1.18,1.14,1.2,1.19,1.06,1.3,1.38,1.48,1.83,1.79,1.79,2,2.18,2.33,2.26,2.24,2.2,1.93,1.67,1.4,1.09,0.977,0.827,1.04,0.763,0.672,0.639,0.644,0.639,0.741,0.776,0.763
United Kingdom,,,,,,,,,,,,,,,,,,,,,,,,,,,,,,,1.33,1.31,1.29,1.31,1.35,1.3,1.13,0.999,0.906,0.847,0.782,0.748,0.728,0.767,0.775,0.579,0.562,0.569,0.633,0.551,0.659,0.61,0.603,0.654,0.639,0.593,0.537,0.517
United States,,,,,,,,,,,,,,,,,,,,,,,,,,,,,,,,,,,,,,1.33,1.21,1.15,1.15,1.13,0.969,1.13,1.25,1.14,1.02,1.05,1.12,1.02,1.14,1.32,1.2,1.38,1.22,1.07,1.01,
Uruguay,,,,,,,,,,,,,,,,,,,,,,,,13.4,14.6,13.6,12.7,13.7,12,10.9,9.21,8.5,8.82,7.37,7.93,8.62,8.02,6.8,7.04,6.03,6.2,5.78,7.73,9.8,11.2,8.75,8.91,8.5,9.17,7.89,7.2,8.83,8.12,7.62,6.74,6.13,5.89,5.16
Uzbekistan,,,,,,,,,,,,,,,,,,,,,,,,,,,,25.5,28,31.1,33.1,37.1,35.1,27.6,34.3,28,22.4,28.2,26.8,29,30.1,30,30.1,28.6,26.4,25,25.1,23.2,19.7,18.6,18,17.8,17.6,17.4,17.1,16.6,16.1,17.3
Vanuatu,,,,,,,,,,,,,,,,,,,,22,18.9,21.4,20,25.1,26.7,27.8,23.9,20.4,20,20.3,20.9,16.6,16.2,18.1,16.3,16.4,17.6,16.7,26.1,24.8,23,23.5,24.3,22.8,23.6,22.3,21,20.6,20.2,19.8,20.7,22.9,25,25,25.2,26.6,,
Venezuela,,,,,,,,,5.71,6.18,5.82,5.61,5.19,5.26,4.38,4.87,4.47,4.76,4.83,4.65,4.67,4.77,5.05,5.26,5.3,6,6.59,6.27,6.61,6.09,5.39,5.47,5.31,5.35,5.04,5.21,4.23,4.5,4.95,4.35,3.93,4.23,3.85,4.31,3.72,3.7,3.66,3.81,4.16,5.66,5.38,5.01,5.02,4.9,5.03,,,
Vietnam,,,,,,,,,,,,,,,,,,,,,,,,,,40.2,38.1,40.6,46.3,42.1,38.7,40.5,33.9,29.9,27.4,27.2,27.8,25.8,25.8,25.4,24.5,23.2,23,22.5,21.8,19.3,18.7,18.7,20.4,19.2,18.4,19.6,19.2,18,17.7,17,16.3,15.3
Yemen,,,,,,,,,,,,,,,,,,,,,,,,,,,,,,,24.4,23.1,24.2,22.6,25,20.5,16.7,16.2,19.6,16.4,13.8,14.1,13.3,12.9,11.7,10.5,10.1,9.86,8.7,10,8.16,8.53,8.44,7.87,7.82,10.3,15.9,
Zambia,11.5,12.8,12.3,13,12,14.3,13.4,12.8,11.4,9.67,10.7,13,12.9,11.3,10.6,13.1,14.2,16.4,16.1,14.9,14,15.6,13.5,14.2,14.5,13.1,12.2,10.9,16.4,19.1,18.2,15.8,21.3,30.5,11.8,14.1,13.3,14,15.9,18.2,16.1,15.5,15.4,15.6,15.6,14.6,13.2,12.1,11.5,11.6,9.42,9.65,9.32,8.23,6.78,4.98,6.23,7.16
Zimbabwe,,,,,,18.8,21.1,21.9,16.9,19.5,16.3,18.5,19,15.9,19.5,18.6,18.6,17.5,14.1,13.1,15.1,16.6,14.8,9.92,13.4,20.7,16.1,13.1,14.8,13.4,14.8,13.5,6.75,13.7,17.1,13.5,19.3,16.7,18.9,15.5,15.7,15.6,12.6,14.8,18.1,17.1,19.2,21.2,19,12,11.4,10.1,9.67,8.83,10.7,10.1,9.74,10.5
