Date,"Daily minimum temperatures in Melbourne, Australia, 1981-1990"
1/01/1981,20.7
2/01/1981,17.9
3/01/1981,18.8
4/01/1981,14.6
5/01/1981,15.8
6/01/1981,15.8
7/01/1981,15.8
8/01/1981,17.4
9/01/1981,21.8
10/01/1981,20
11/01/1981,16.2
12/01/1981,13.3
13/01/1981,16.7
14/01/1981,21.5
15/01/1981,25
16/01/1981,20.7
17/01/1981,20.6
18/01/1981,24.8
19/01/1981,17.7
20/01/1981,15.5
21/01/1981,18.2
22/01/1981,12.1
23/01/1981,14.4
24/01/1981,16
25/01/1981,16.5
26/01/1981,18.7
27/01/1981,19.4
28/01/1981,17.2
29/01/1981,15.5
30/01/1981,15.1
31/01/1981,15.4
1/02/1981,15.3
2/02/1981,18.8
3/02/1981,21.9
4/02/1981,19.9
5/02/1981,16.6
6/02/1981,16.8
7/02/1981,14.6
8/02/1981,17.1
9/02/1981,25
10/02/1981,15
11/02/1981,13.7
12/02/1981,13.9
13/02/1981,18.3
14/02/1981,22
15/02/1981,22.1
16/02/1981,21.2
17/02/1981,18.4
18/02/1981,16.6
19/02/1981,16.1
20/02/1981,15.7
21/02/1981,16.6
22/02/1981,16.5
23/02/1981,14.4
24/02/1981,14.4
25/02/1981,18.5
26/02/1981,16.9
27/02/1981,17.5
28/02/1981,21.2
1/03/1981,17.8
2/03/1981,18.6
3/03/1981,17
4/03/1981,16
5/03/1981,13.3
6/03/1981,14.3
7/03/1981,11.4
8/03/1981,16.3
9/03/1981,16.1
10/03/1981,11.8
11/03/1981,12.2
12/03/1981,14.7
13/03/1981,11.8
14/03/1981,11.3
15/03/1981,10.6
16/03/1981,11.7
17/03/1981,14.2
18/03/1981,11.2
19/03/1981,16.9
20/03/1981,16.7
21/03/1981,8.1
22/03/1981,8
23/03/1981,8.8
24/03/1981,13.4
25/03/1981,10.9
26/03/1981,13.4
27/03/1981,11
28/03/1981,15
29/03/1981,15.7
30/03/1981,14.5
31/03/1981,15.8
1/04/1981,16.7
2/04/1981,16.8
3/04/1981,17.5
4/04/1981,17.1
5/04/1981,18.1
6/04/1981,16.6
7/04/1981,10
8/04/1981,14.9
9/04/1981,15.9
10/04/1981,13
11/04/1981,7.6
12/04/1981,11.5
13/04/1981,13.5
14/04/1981,13
15/04/1981,13.3
16/04/1981,12.1
17/04/1981,12.4
18/04/1981,13.2
19/04/1981,13.8
20/04/1981,10.6
21/04/1981,9
22/04/1981,10
23/04/1981,9.8
24/04/1981,11.5
25/04/1981,8.9
26/04/1981,7.4
27/04/1981,9.9
28/04/1981,9.3
29/04/1981,9.9
30/04/1981,7.4
1/05/1981,8.6
2/05/1981,11.9
3/05/1981,14
4/05/1981,8.6
5/05/1981,10
6/05/1981,13.5
7/05/1981,12
8/05/1981,10.5
9/05/1981,10.7
10/05/1981,8.1
11/05/1981,10.1
12/05/1981,10.6
13/05/1981,5.3
14/05/1981,6.6
15/05/1981,8.5
16/05/1981,11.2
17/05/1981,9.8
18/05/1981,5.9
19/05/1981,3.2
20/05/1981,2.1
21/05/1981,3.4
22/05/1981,5.4
23/05/1981,9.6
24/05/1981,11.5
25/05/1981,12.3
26/05/1981,12.6
27/05/1981,11
28/05/1981,11.2
29/05/1981,11.4
30/05/1981,11.8
31/05/1981,12.8
1/06/1981,11.6
2/06/1981,10.6
3/06/1981,9.8
4/06/1981,11.2
5/06/1981,5.7
6/06/1981,7.1
7/06/1981,2.5
8/06/1981,3.5
9/06/1981,4.6
10/06/1981,11
11/06/1981,5.7
12/06/1981,7.7
13/06/1981,10.4
14/06/1981,11.4
15/06/1981,9.2
16/06/1981,6.1
17/06/1981,2.7
18/06/1981,4.3
19/06/1981,6.3
20/06/1981,3.8
21/06/1981,4.4
22/06/1981,7.1
23/06/1981,4.8
24/06/1981,5.8
25/06/1981,6.2
26/06/1981,7.3
27/06/1981,9.2
28/06/1981,10.2
29/06/1981,9.5
30/06/1981,9.5
1/07/1981,10.7
2/07/1981,10
3/07/1981,6.5
4/07/1981,7
5/07/1981,7.4
6/07/1981,8.1
7/07/1981,6.6
8/07/1981,8.3
9/07/1981,8.9
10/07/1981,4.6
11/07/1981,6.8
12/07/1981,5.7
13/07/1981,6.1
14/07/1981,7
15/07/1981,7.2
16/07/1981,6.3
17/07/1981,8.8
18/07/1981,5
19/07/1981,7.4
20/07/1981,10.1
21/07/1981,12
22/07/1981,9
23/07/1981,8.9
24/07/1981,9.8
25/07/1981,9
26/07/1981,9.2
27/07/1981,7.7
28/07/1981,8
29/07/1981,6.1
30/07/1981,3.5
31/07/1981,3.2
1/08/1981,5.7
2/08/1981,7.7
3/08/1981,9
4/08/1981,10
5/08/1981,6.2
6/08/1981,6.9
7/08/1981,6.5
8/08/1981,6.8
9/08/1981,7
10/08/1981,5.2
11/08/1981,3
12/08/1981,5.6
13/08/1981,7.9
14/08/1981,9
15/08/1981,8.6
16/08/1981,10.3
17/08/1981,10.5
18/08/1981,7.6
19/08/1981,9.7
20/08/1981,12.5
21/08/1981,7.4
22/08/1981,7.9
23/08/1981,3.9
24/08/1981,6.6
25/08/1981,4.6
26/08/1981,7
27/08/1981,6
28/08/1981,5.5
29/08/1981,8.1
30/08/1981,5.5
31/08/1981,6.2
1/09/1981,8
2/09/1981,10.3
3/09/1981,9.8
4/09/1981,9.6
5/09/1981,8.5
6/09/1981,7.5
7/09/1981,11.2
8/09/1981,14.6
9/09/1981,11.7
10/09/1981,7.8
11/09/1981,12.3
12/09/1981,10.1
13/09/1981,11.5
14/09/1981,7.3
15/09/1981,10.9
16/09/1981,14.1
17/09/1981,10.7
18/09/1981,16.9
19/09/1981,10.5
20/09/1981,6.5
21/09/1981,11
22/09/1981,6.3
23/09/1981,10.5
24/09/1981,7.2
25/09/1981,7.6
26/09/1981,10.7
27/09/1981,7.8
28/09/1981,9.6
29/09/1981,11.4
30/09/1981,12.4
1/10/1981,8.9
2/10/1981,13.2
3/10/1981,8.6
4/10/1981,6.2
5/10/1981,11.4
6/10/1981,13.2
7/10/1981,14.3
8/10/1981,7.3
9/10/1981,12.9
10/10/1981,7.8
11/10/1981,6.2
12/10/1981,5.6
13/10/1981,10
14/10/1981,13.3
15/10/1981,8.3
16/10/1981,10.2
17/10/1981,8.6
18/10/1981,7.3
19/10/1981,10.4
20/10/1981,11.2
21/10/1981,13.2
22/10/1981,11.4
23/10/1981,9.1
24/10/1981,6.6
25/10/1981,8.4
26/10/1981,9.7
27/10/1981,13.2
28/10/1981,12.5
29/10/1981,11
30/10/1981,11
31/10/1981,11.7
1/11/1981,9.2
2/11/1981,11.5
3/11/1981,13.6
4/11/1981,13.7
5/11/1981,10.4
6/11/1981,11.5
7/11/1981,7.6
8/11/1981,9.6
9/11/1981,14.2
10/11/1981,15.7
11/11/1981,10.5
12/11/1981,10.5
13/11/1981,9.7
14/11/1981,9.5
15/11/1981,11.3
16/11/1981,8.9
17/11/1981,9.4
18/11/1981,11.9
19/11/1981,11.7
20/11/1981,13.4
21/11/1981,12.6
22/11/1981,10.1
23/11/1981,15.8
24/11/1981,13.6
25/11/1981,11.9
26/11/1981,9.9
27/11/1981,12.6
28/11/1981,17.8
29/11/1981,15
30/11/1981,13.6
1/12/1981,13.4
2/12/1981,10.5
3/12/1981,14.2
4/12/1981,11.5
5/12/1981,13
6/12/1981,15
7/12/1981,14.7
8/12/1981,12.6
9/12/1981,12.5
10/12/1981,13.5
11/12/1981,14.8
12/12/1981,17.2
13/12/1981,9.7
14/12/1981,12.1
15/12/1981,12.8
16/12/1981,11.2
17/12/1981,16.4
18/12/1981,15.6
19/12/1981,13.3
20/12/1981,11
21/12/1981,11.1
22/12/1981,15
23/12/1981,12.8
24/12/1981,15
25/12/1981,14.2
26/12/1981,14
27/12/1981,15.5
28/12/1981,13.3
29/12/1981,15.6
30/12/1981,15.2
31/12/1981,17.4
1/01/1982,17
2/01/1982,15
3/01/1982,13.5
4/01/1982,15.2
5/01/1982,13
6/01/1982,12.5
7/01/1982,14.1
8/01/1982,14.8
9/01/1982,16.2
10/01/1982,15.8
11/01/1982,19.1
12/01/1982,22.2
13/01/1982,15.9
14/01/1982,13
15/01/1982,14.1
16/01/1982,15.8
17/01/1982,24
18/01/1982,18
19/01/1982,19.7
20/01/1982,25.2
21/01/1982,20.5
22/01/1982,19.3
23/01/1982,15.8
24/01/1982,17
25/01/1982,18.4
26/01/1982,13.3
27/01/1982,14.6
28/01/1982,12.5
29/01/1982,17
30/01/1982,17.1
31/01/1982,14
1/02/1982,14.6
2/02/1982,13.3
3/02/1982,14.8
4/02/1982,15.1
5/02/1982,13.1
6/02/1982,13.6
7/02/1982,19.5
8/02/1982,22.7
9/02/1982,17.2
10/02/1982,13.5
11/02/1982,15.4
12/02/1982,17
13/02/1982,19.2
14/02/1982,22.8
15/02/1982,26.3
16/02/1982,18.2
17/02/1982,17
18/02/1982,14.8
19/02/1982,12.8
20/02/1982,15.5
21/02/1982,15.6
22/02/1982,13.1
23/02/1982,15.2
24/02/1982,14.1
25/02/1982,12.5
26/02/1982,14.6
27/02/1982,10.4
28/02/1982,13.9
1/03/1982,11.9
2/03/1982,13.5
3/03/1982,9.8
4/03/1982,14
5/03/1982,21.5
6/03/1982,19.5
7/03/1982,16.7
8/03/1982,19.1
9/03/1982,11
10/03/1982,9
11/03/1982,10
12/03/1982,14.6
13/03/1982,12.5
14/03/1982,17.2
15/03/1982,19.2
16/03/1982,22.2
17/03/1982,15.7
18/03/1982,14.2
19/03/1982,9.8
20/03/1982,14
21/03/1982,17.5
22/03/1982,20.7
23/03/1982,15.6
24/03/1982,13.2
25/03/1982,14.5
26/03/1982,16.8
27/03/1982,17.2
28/03/1982,13.4
29/03/1982,14.2
30/03/1982,14.3
31/03/1982,10.2
1/04/1982,10.4
2/04/1982,12.3
3/04/1982,11.9
4/04/1982,11.2
5/04/1982,8.5
6/04/1982,12
7/04/1982,12.4
8/04/1982,12.9
9/04/1982,10.1
10/04/1982,15
11/04/1982,13.6
12/04/1982,12.4
13/04/1982,13.6
14/04/1982,16.1
15/04/1982,19.5
16/04/1982,14.2
17/04/1982,9.3
18/04/1982,10.1
19/04/1982,7.4
20/04/1982,8.6
21/04/1982,7.8
22/04/1982,9.1
23/04/1982,13
24/04/1982,16.5
25/04/1982,12.9
26/04/1982,6.9
27/04/1982,6.9
28/04/1982,8.7
29/04/1982,10
30/04/1982,10.8
1/05/1982,7.5
2/05/1982,6.3
3/05/1982,11.9
4/05/1982,13.8
5/05/1982,11.8
6/05/1982,11
7/05/1982,10.1
8/05/1982,8.5
9/05/1982,5.5
10/05/1982,7.6
11/05/1982,8.7
12/05/1982,10.8
13/05/1982,11.2
14/05/1982,9.1
15/05/1982,3.7
16/05/1982,4.6
17/05/1982,6.6
18/05/1982,13.2
19/05/1982,15.2
20/05/1982,7.6
21/05/1982,8.4
22/05/1982,6
23/05/1982,8.3
24/05/1982,8.6
25/05/1982,11.1
26/05/1982,12.1
27/05/1982,12.9
28/05/1982,14
29/05/1982,12.5
30/05/1982,11.5
31/05/1982,7
1/06/1982,7.1
2/06/1982,9
3/06/1982,3.1
4/06/1982,2.5
5/06/1982,0
6/06/1982,1.6
7/06/1982,2.6
8/06/1982,5.7
9/06/1982,2.3
10/06/1982,4.5
11/06/1982,8.2
12/06/1982,6.9
13/06/1982,7.3
14/06/1982,6
15/06/1982,7.3
16/06/1982,7.6
17/06/1982,8
18/06/1982,8
19/06/1982,6.8
20/06/1982,7.3
21/06/1982,6.2
22/06/1982,6.9
23/06/1982,8.9
24/06/1982,4
25/06/1982,1.3
26/06/1982,0.8
27/06/1982,4.3
28/06/1982,7.3
29/06/1982,7.7
30/06/1982,9
1/07/1982,4.2
2/07/1982,1.6
3/07/1982,2.6
4/07/1982,3.4
5/07/1982,3.9
6/07/1982,7
7/07/1982,7.8
8/07/1982,5.3
9/07/1982,2.4
10/07/1982,2.8
11/07/1982,4
12/07/1982,7.5
13/07/1982,7.8
14/07/1982,5.6
15/07/1982,3.3
16/07/1982,5
17/07/1982,3.7
18/07/1982,3.9
19/07/1982,5.2
20/07/1982,0.2
21/07/1982,0.8
22/07/1982,0.9
23/07/1982,3.5
24/07/1982,6.6
25/07/1982,9.5
26/07/1982,9
27/07/1982,3.5
28/07/1982,4.5
29/07/1982,5.7
30/07/1982,5.6
31/07/1982,7.1
1/08/1982,9.7
2/08/1982,8.3
3/08/1982,9.1
4/08/1982,2.8
5/08/1982,2.2
6/08/1982,4.5
7/08/1982,3.8
8/08/1982,3.8
9/08/1982,6.2
10/08/1982,11.5
11/08/1982,10.2
12/08/1982,7.9
13/08/1982,9
14/08/1982,9.5
15/08/1982,6
16/08/1982,8.2
17/08/1982,9.2
18/08/1982,4.3
19/08/1982,6.6
20/08/1982,9.4
21/08/1982,13.2
22/08/1982,6.6
23/08/1982,5.1
24/08/1982,12.1
25/08/1982,11.2
26/08/1982,8.5
27/08/1982,4.6
28/08/1982,7
29/08/1982,14.2
30/08/1982,12.7
31/08/1982,7.6
1/09/1982,4
2/09/1982,10
3/09/1982,10.5
4/09/1982,5
5/09/1982,4.5
6/09/1982,8.2
7/09/1982,4.3
8/09/1982,9.8
9/09/1982,5.8
10/09/1982,5
11/09/1982,8.5
12/09/1982,9
13/09/1982,3.6
14/09/1982,6.7
15/09/1982,6.7
16/09/1982,10.1
17/09/1982,15
18/09/1982,8.9
19/09/1982,5.7
20/09/1982,4.2
21/09/1982,4
22/09/1982,5.3
23/09/1982,6.3
24/09/1982,8.5
25/09/1982,11.5
26/09/1982,7.7
27/09/1982,9.2
28/09/1982,7.8
29/09/1982,6.3
30/09/1982,6.3
1/10/1982,8.6
2/10/1982,6.1
3/10/1982,13.2
4/10/1982,9.9
5/10/1982,4.7
6/10/1982,5.8
7/10/1982,14.9
8/10/1982,10.7
9/10/1982,8.6
10/10/1982,9.4
11/10/1982,5.7
12/10/1982,10.9
13/10/1982,13.1
14/10/1982,10.4
15/10/1982,8.2
16/10/1982,9.8
17/10/1982,7.5
18/10/1982,5.8
19/10/1982,9.8
20/10/1982,7.9
21/10/1982,8.7
22/10/1982,10
23/10/1982,10.6
24/10/1982,8
25/10/1982,10.2
26/10/1982,15.1
27/10/1982,13.9
28/10/1982,9.2
29/10/1982,9
30/10/1982,13.2
31/10/1982,7
1/11/1982,10.6
2/11/1982,6.9
3/11/1982,9.5
4/11/1982,12.5
5/11/1982,13.6
6/11/1982,17.7
7/11/1982,16
8/11/1982,11.3
9/11/1982,10.5
10/11/1982,14.4
11/11/1982,10.3
12/11/1982,9
13/11/1982,11.1
14/11/1982,14.5
15/11/1982,18
16/11/1982,12.8
17/11/1982,10.7
18/11/1982,9.1
19/11/1982,8.7
20/11/1982,12.4
21/11/1982,12.6
22/11/1982,10.3
23/11/1982,13.7
24/11/1982,16
25/11/1982,15.8
26/11/1982,12.1
27/11/1982,12.5
28/11/1982,12.2
29/11/1982,13.7
30/11/1982,16.1
1/12/1982,15.5
2/12/1982,10.3
3/12/1982,10.5
4/12/1982,11
5/12/1982,11.9
6/12/1982,13
7/12/1982,12.2
8/12/1982,10.6
9/12/1982,13
10/12/1982,13
11/12/1982,12.2
12/12/1982,12.6
13/12/1982,18.7
14/12/1982,15.2
15/12/1982,15.3
16/12/1982,13.9
17/12/1982,15.8
18/12/1982,13
19/12/1982,13
20/12/1982,13.7
21/12/1982,12
22/12/1982,10.8
23/12/1982,15.6
24/12/1982,15.3
25/12/1982,13.9
26/12/1982,13
27/12/1982,15.3
28/12/1982,16.3
29/12/1982,15.8
30/12/1982,17.7
31/12/1982,16.3
1/01/1983,18.4
2/01/1983,15
3/01/1983,10.9
4/01/1983,11.4
5/01/1983,14.8
6/01/1983,12.1
7/01/1983,12.8
8/01/1983,16.2
9/01/1983,15.5
10/01/1983,13
11/01/1983,10.5
12/01/1983,9.1
13/01/1983,10.5
14/01/1983,11.8
15/01/1983,12.7
16/01/1983,12.7
17/01/1983,11.5
18/01/1983,13.8
19/01/1983,13.3
20/01/1983,11.6
21/01/1983,15.4
22/01/1983,12.4
23/01/1983,16.9
24/01/1983,14.7
25/01/1983,10.6
26/01/1983,15.6
27/01/1983,10.7
28/01/1983,12.6
29/01/1983,13.8
30/01/1983,14.3
31/01/1983,14
1/02/1983,18.1
2/02/1983,17.3
3/02/1983,13
4/02/1983,16
5/02/1983,14.9
6/02/1983,16.2
7/02/1983,20.3
8/02/1983,22.5
9/02/1983,17.2
10/02/1983,15.9
11/02/1983,16.8
12/02/1983,13.8
13/02/1983,12.8
14/02/1983,14
15/02/1983,17.5
16/02/1983,21.5
17/02/1983,16.8
18/02/1983,13.6
19/02/1983,14.5
20/02/1983,14.2
21/02/1983,15.7
22/02/1983,19.7
23/02/1983,17.4
24/02/1983,14.4
25/02/1983,16.9
26/02/1983,19.1
27/02/1983,20.4
28/02/1983,20.1
1/03/1983,19.9
2/03/1983,22
3/03/1983,20.5
4/03/1983,22.1
5/03/1983,20.6
6/03/1983,15
7/03/1983,20.6
8/03/1983,21.5
9/03/1983,16.2
10/03/1983,14.1
11/03/1983,14.5
12/03/1983,21.1
13/03/1983,15.9
14/03/1983,15.2
15/03/1983,13.1
16/03/1983,13.2
17/03/1983,12.5
18/03/1983,15.2
19/03/1983,17.6
20/03/1983,15.5
21/03/1983,16.7
22/03/1983,16.3
23/03/1983,15.1
24/03/1983,12.7
25/03/1983,10
26/03/1983,11.4
27/03/1983,12.6
28/03/1983,10.7
29/03/1983,10
30/03/1983,13.9
31/03/1983,13.4
1/04/1983,12.5
2/04/1983,12.8
3/04/1983,7.8
4/04/1983,11.1
5/04/1983,10.7
6/04/1983,7.1
7/04/1983,6.7
8/04/1983,5.7
9/04/1983,9.1
10/04/1983,15.2
11/04/1983,15.5
12/04/1983,11.1
13/04/1983,11.7
14/04/1983,11.5
15/04/1983,9.8
16/04/1983,6.2
17/04/1983,6.7
18/04/1983,7.5
19/04/1983,8.8
20/04/1983,8
21/04/1983,10.4
22/04/1983,14.5
23/04/1983,16.5
24/04/1983,14.1
25/04/1983,10.5
26/04/1983,12.6
27/04/1983,13
28/04/1983,8.7
29/04/1983,10.1
30/04/1983,12
1/05/1983,12.5
2/05/1983,13.5
3/05/1983,13.7
4/05/1983,13.5
5/05/1983,10.7
6/05/1983,13
7/05/1983,11.6
8/05/1983,13
9/05/1983,11.2
10/05/1983,13.5
11/05/1983,12.9
12/05/1983,6.8
13/05/1983,10
14/05/1983,14.5
15/05/1983,11.7
16/05/1983,6.7
17/05/1983,4.6
18/05/1983,4.9
19/05/1983,7.4
20/05/1983,8.3
21/05/1983,7.5
22/05/1983,6.2
23/05/1983,7.8
24/05/1983,13.2
25/05/1983,11.9
26/05/1983,6.5
27/05/1983,8.3
28/05/1983,12.1
29/05/1983,9.3
30/05/1983,7.5
31/05/1983,9.3
1/06/1983,11
2/06/1983,10.8
3/06/1983,5.3
4/06/1983,7.6
5/06/1983,5.6
6/06/1983,7.2
7/06/1983,9.6
8/06/1983,7
9/06/1983,8.3
10/06/1983,7.8
11/06/1983,4.7
12/06/1983,6.8
13/06/1983,7.2
14/06/1983,8.3
15/06/1983,9.5
16/06/1983,4.7
17/06/1983,3
18/06/1983,1.5
19/06/1983,2.5
20/06/1983,6.2
21/06/1983,11.6
22/06/1983,6.6
23/06/1983,6.6
24/06/1983,8
25/06/1983,7.9
26/06/1983,3.3
27/06/1983,3.9
28/06/1983,6
29/06/1983,4
30/06/1983,5.5
1/07/1983,8.5
2/07/1983,9.8
3/07/1983,9.5
4/07/1983,7.2
5/07/1983,8.1
6/07/1983,8
7/07/1983,8.5
8/07/1983,8.8
9/07/1983,8.3
10/07/1983,2.4
11/07/1983,4.9
12/07/1983,5.9
13/07/1983,6.7
14/07/1983,8.4
15/07/1983,6.5
16/07/1983,7.9
17/07/1983,4.1
18/07/1983,5.4
19/07/1983,7.5
20/07/1983,3.9
21/07/1983,2.5
22/07/1983,5.3
23/07/1983,6.6
24/07/1983,0
25/07/1983,0.7
26/07/1983,7.6
27/07/1983,12.3
28/07/1983,9.2
29/07/1983,9.6
30/07/1983,9.5
31/07/1983,10
1/08/1983,7.7
2/08/1983,8
3/08/1983,8.3
4/08/1983,8.3
5/08/1983,4.5
6/08/1983,6.5
7/08/1983,9.4
8/08/1983,9.4
9/08/1983,10.5
10/08/1983,10.7
11/08/1983,9.9
12/08/1983,7.6
13/08/1983,5.8
14/08/1983,8.5
15/08/1983,13.8
16/08/1983,14.3
17/08/1983,8.3
18/08/1983,5.3
19/08/1983,3
20/08/1983,5.2
21/08/1983,10.3
22/08/1983,11.1
23/08/1983,10.5
24/08/1983,9
25/08/1983,13
26/08/1983,6.4
27/08/1983,8.4
28/08/1983,6.7
29/08/1983,8.3
30/08/1983,11.2
31/08/1983,10
1/09/1983,10.1
2/09/1983,10.6
3/09/1983,10.9
4/09/1983,5.7
5/09/1983,9.5
6/09/1983,10.4
7/09/1983,11.1
8/09/1983,12.2
9/09/1983,10.6
10/09/1983,8.8
11/09/1983,9.2
12/09/1983,5.5
13/09/1983,7.1
14/09/1983,6.5
15/09/1983,4.3
16/09/1983,5
17/09/1983,11.2
18/09/1983,7.5
19/09/1983,12
20/09/1983,13.6
21/09/1983,8.3
22/09/1983,8.5
23/09/1983,12.9
24/09/1983,7.7
25/09/1983,7.6
26/09/1983,3.5
27/09/1983,10.4
28/09/1983,15.4
29/09/1983,10.6
30/09/1983,9.6
1/10/1983,9.3
2/10/1983,13.9
3/10/1983,7.7
4/10/1983,9.5
5/10/1983,7.6
6/10/1983,6.9
7/10/1983,6.8
8/10/1983,5.8
9/10/1983,6
10/10/1983,8.3
11/10/1983,9.1
12/10/1983,12.5
13/10/1983,13.2
14/10/1983,16.2
15/10/1983,12.5
16/10/1983,11.8
17/10/1983,10.6
18/10/1983,10
19/10/1983,12.2
20/10/1983,8.9
21/10/1983,10.3
22/10/1983,7.5
23/10/1983,11.6
24/10/1983,12.6
25/10/1983,12.9
26/10/1983,11.7
27/10/1983,14
28/10/1983,12.3
29/10/1983,9
30/10/1983,9.2
31/10/1983,9.8
1/11/1983,11.8
2/11/1983,10.6
3/11/1983,12.6
4/11/1983,11
5/11/1983,8.2
6/11/1983,7.5
7/11/1983,13.6
8/11/1983,14.8
9/11/1983,10.9
10/11/1983,7.7
11/11/1983,10.2
12/11/1983,10.8
13/11/1983,10.8
14/11/1983,12.5
15/11/1983,13.2
16/11/1983,8.7
17/11/1983,5.7
18/11/1983,9.8
19/11/1983,7.3
20/11/1983,10.8
21/11/1983,10
22/11/1983,16.2
23/11/1983,15
24/11/1983,14.5
25/11/1983,15.9
26/11/1983,14.9
27/11/1983,14.2
28/11/1983,15.8
29/11/1983,17.2
30/11/1983,17.6
1/12/1983,12.1
2/12/1983,11.4
3/12/1983,13
4/12/1983,13.2
5/12/1983,12
6/12/1983,15.3
7/12/1983,12.7
8/12/1983,12.1
9/12/1983,13.8
10/12/1983,10.9
11/12/1983,12
12/12/1983,16.5
13/12/1983,15
14/12/1983,11.2
15/12/1983,13.9
16/12/1983,15
17/12/1983,14.8
18/12/1983,15
19/12/1983,13.3
20/12/1983,20.4
21/12/1983,18
22/12/1983,12.2
23/12/1983,16.7
24/12/1983,13.8
25/12/1983,17.5
26/12/1983,15
27/12/1983,13.9
28/12/1983,11.1
29/12/1983,16.1
30/12/1983,20.4
31/12/1983,18
1/01/1984,19.5
2/01/1984,17.1
3/01/1984,17.1
4/01/1984,12
5/01/1984,11
6/01/1984,16.3
7/01/1984,16.1
8/01/1984,13
9/01/1984,13.4
10/01/1984,15.2
11/01/1984,12.5
12/01/1984,14.3
13/01/1984,16.5
14/01/1984,18.6
15/01/1984,18
16/01/1984,18.2
17/01/1984,11.4
18/01/1984,11.9
19/01/1984,12.2
20/01/1984,14.8
21/01/1984,13.1
22/01/1984,12.7
23/01/1984,10.5
24/01/1984,13.8
25/01/1984,18.8
26/01/1984,13.9
27/01/1984,11.2
28/01/1984,10.6
29/01/1984,14.7
30/01/1984,13.1
31/01/1984,12.1
1/02/1984,14.7
2/02/1984,11.1
3/02/1984,13
4/02/1984,15.6
5/02/1984,14.2
6/02/1984,15.5
7/02/1984,18
8/02/1984,15
9/02/1984,15.9
10/02/1984,15.5
11/02/1984,15.8
12/02/1984,16.6
13/02/1984,13.6
14/02/1984,13.8
15/02/1984,14.6
16/02/1984,15.6
17/02/1984,16.6
18/02/1984,14.3
19/02/1984,16.3
20/02/1984,18.9
21/02/1984,18.7
22/02/1984,14.5
23/02/1984,16.5
24/02/1984,14.1
25/02/1984,13.5
26/02/1984,11.7
27/02/1984,15.1
28/02/1984,11.2
29/02/1984,13.5
1/03/1984,12.6
2/03/1984,8.8
3/03/1984,10.5
4/03/1984,12.1
5/03/1984,14.5
6/03/1984,19.5
7/03/1984,14
8/03/1984,13.8
9/03/1984,10.5
10/03/1984,13.8
11/03/1984,11.4
12/03/1984,15.6
13/03/1984,11.1
14/03/1984,12.1
15/03/1984,14.2
16/03/1984,10.9
17/03/1984,14.2
18/03/1984,13.8
19/03/1984,15.1
20/03/1984,14
21/03/1984,12.1
22/03/1984,13.8
23/03/1984,16.6
24/03/1984,17.8
25/03/1984,9.4
26/03/1984,10.2
27/03/1984,7.4
28/03/1984,8.7
29/03/1984,14
30/03/1984,15.3
31/03/1984,11.1
1/04/1984,9.7
2/04/1984,10.3
3/04/1984,9.2
4/04/1984,8.2
5/04/1984,9.7
6/04/1984,12.4
7/04/1984,12.5
8/04/1984,9
9/04/1984,9.7
10/04/1984,10.1
11/04/1984,11.2
12/04/1984,12
13/04/1984,11.1
14/04/1984,10.8
15/04/1984,12.8
16/04/1984,9.8
17/04/1984,13.7
18/04/1984,11
19/04/1984,13.2
20/04/1984,13
21/04/1984,10.2
22/04/1984,13.2
23/04/1984,9.3
24/04/1984,11.1
25/04/1984,10.3
26/04/1984,8.7
27/04/1984,11.7
28/04/1984,12.5
29/04/1984,6.5
30/04/1984,9.6
1/05/1984,13.8
2/05/1984,14.7
3/05/1984,9.1
4/05/1984,4.8
5/05/1984,3.3
6/05/1984,3.5
7/05/1984,5.7
8/05/1984,5.5
9/05/1984,7
10/05/1984,9.5
11/05/1984,9.9
12/05/1984,4.9
13/05/1984,6.3
14/05/1984,4.8
15/05/1984,6.2
16/05/1984,7.1
17/05/1984,7.5
18/05/1984,9.4
19/05/1984,8.7
20/05/1984,9.5
21/05/1984,12.1
22/05/1984,9.5
23/05/1984,9.3
24/05/1984,8.5
25/05/1984,8
26/05/1984,9.8
27/05/1984,6.2
28/05/1984,7.3
29/05/1984,10.9
30/05/1984,10
31/05/1984,8.7
1/06/1984,9
2/06/1984,10.8
3/06/1984,12.4
4/06/1984,7.2
5/06/1984,7.2
6/06/1984,11.1
7/06/1984,9.3
8/06/1984,10.1
9/06/1984,3.9
10/06/1984,5
11/06/1984,8.2
12/06/1984,2.8
13/06/1984,4.3
14/06/1984,8.1
15/06/1984,11.1
16/06/1984,4.7
17/06/1984,5.3
18/06/1984,10
19/06/1984,5.6
20/06/1984,2.2
21/06/1984,7.1
22/06/1984,8.3
23/06/1984,8.6
24/06/1984,10.1
25/06/1984,8.3
26/06/1984,7.2
27/06/1984,7.7
28/06/1984,7.8
29/06/1984,9.1
30/06/1984,9.4
1/07/1984,7.8
2/07/1984,2.6
3/07/1984,2.4
4/07/1984,3.9
5/07/1984,1.3
6/07/1984,2.1
7/07/1984,7.4
8/07/1984,7.2
9/07/1984,8.8
10/07/1984,8.9
11/07/1984,8.8
12/07/1984,8
13/07/1984,0.7
14/07/1984,0.1
15/07/1984,0.9
16/07/1984,7.8
17/07/1984,7.2
18/07/1984,8
19/07/1984,4.6
20/07/1984,5.2
21/07/1984,5.8
22/07/1984,6.8
23/07/1984,8.1
24/07/1984,7.5
25/07/1984,5.4
26/07/1984,4.6
27/07/1984,6.4
28/07/1984,9.7
29/07/1984,7
30/07/1984,10
31/07/1984,10.6
1/08/1984,11.5
2/08/1984,10.2
3/08/1984,11.1
4/08/1984,11
5/08/1984,8.9
6/08/1984,9.9
7/08/1984,11.7
8/08/1984,11.6
9/08/1984,9
10/08/1984,6.3
11/08/1984,8.7
12/08/1984,8.5
13/08/1984,8.5
14/08/1984,8
15/08/1984,6
16/08/1984,8
17/08/1984,8.5
18/08/1984,7.7
19/08/1984,8.4
20/08/1984,9
21/08/1984,8.3
22/08/1984,6.8
23/08/1984,9.3
24/08/1984,6.7
25/08/1984,9
26/08/1984,7.3
27/08/1984,6.3
28/08/1984,7.9
29/08/1984,5.2
30/08/1984,9
31/08/1984,11.3
1/09/1984,9.2
2/09/1984,11.3
3/09/1984,7
4/09/1984,8
5/09/1984,4.6
6/09/1984,8.5
7/09/1984,9.5
8/09/1984,9.4
9/09/1984,10.5
10/09/1984,9.7
11/09/1984,4.9
12/09/1984,8
13/09/1984,5.8
14/09/1984,5.5
15/09/1984,10.9
16/09/1984,11.7
17/09/1984,9.2
18/09/1984,8.9
19/09/1984,11.3
20/09/1984,8.6
21/09/1984,6.2
22/09/1984,6.6
23/09/1984,9.1
24/09/1984,6.1
25/09/1984,7.5
26/09/1984,10.7
27/09/1984,6.3
28/09/1984,5.5
29/09/1984,6.7
30/09/1984,4.2
1/10/1984,11.3
2/10/1984,16.3
3/10/1984,10.5
4/10/1984,10.3
5/10/1984,7.9
6/10/1984,7.7
7/10/1984,16
8/10/1984,14.6
9/10/1984,12.5
10/10/1984,8.1
11/10/1984,12.2
12/10/1984,17.2
13/10/1984,9.4
14/10/1984,8.7
15/10/1984,5.9
16/10/1984,4.8
17/10/1984,7.4
18/10/1984,9.4
19/10/1984,9.7
20/10/1984,9.9
21/10/1984,6.5
22/10/1984,9.8
23/10/1984,18.2
24/10/1984,11.3
25/10/1984,9.1
26/10/1984,9.6
27/10/1984,13.5
28/10/1984,10.7
29/10/1984,10
30/10/1984,8.5
31/10/1984,12.6
1/11/1984,16.6
2/11/1984,11.6
3/11/1984,12.2
4/11/1984,11.2
5/11/1984,9.2
6/11/1984,9.9
7/11/1984,11.9
8/11/1984,15.6
9/11/1984,19
10/11/1984,12.8
11/11/1984,12.2
12/11/1984,12
13/11/1984,11.1
14/11/1984,11.8
15/11/1984,7.6
16/11/1984,13
17/11/1984,12.7
18/11/1984,16
19/11/1984,14.8
20/11/1984,14.2
21/11/1984,10
22/11/1984,8.8
23/11/1984,11.6
24/11/1984,8.6
25/11/1984,14.6
26/11/1984,24.3
27/11/1984,11.6
28/11/1984,10.8
29/11/1984,12
30/11/1984,11
1/12/1984,12.6
2/12/1984,10.8
3/12/1984,9.1
4/12/1984,11
5/12/1984,13
6/12/1984,12.8
7/12/1984,9.9
8/12/1984,11.6
9/12/1984,10.5
10/12/1984,15.9
11/12/1984,12.2
12/12/1984,13
13/12/1984,12.5
14/12/1984,12.5
15/12/1984,11.4
16/12/1984,12.1
17/12/1984,16.8
18/12/1984,12.1
19/12/1984,11.3
20/12/1984,10.4
21/12/1984,14.2
22/12/1984,11.4
23/12/1984,13.7
24/12/1984,16.5
25/12/1984,12.8
26/12/1984,12.2
27/12/1984,12
28/12/1984,12.6
29/12/1984,16
30/12/1984,16.4
1/01/1985,13.3
2/01/1985,15.2
3/01/1985,13.1
4/01/1985,12.7
5/01/1985,14.6
6/01/1985,11
7/01/1985,13.2
8/01/1985,12.2
9/01/1985,14.4
10/01/1985,13.7
11/01/1985,14.5
12/01/1985,14.1
13/01/1985,14.4
14/01/1985,19.7
15/01/1985,16.5
16/01/1985,15.9
17/01/1985,11.8
18/01/1985,12
19/01/1985,11.4
20/01/1985,14.4
21/01/1985,12.4
22/01/1985,15.1
23/01/1985,15.6
24/01/1985,15.2
25/01/1985,12.8
26/01/1985,13.3
27/01/1985,17.5
28/01/1985,15.4
29/01/1985,13.5
30/01/1985,16.7
31/01/1985,15.2
1/02/1985,14.9
2/02/1985,10.2
3/02/1985,13.6
4/02/1985,19
5/02/1985,15.7
6/02/1985,18
7/02/1985,14.8
8/02/1985,13.9
9/02/1985,13
10/02/1985,15.3
11/02/1985,14.3
12/02/1985,15.6
13/02/1985,16
14/02/1985,14.9
15/02/1985,11.1
16/02/1985,14.8
17/02/1985,13
18/02/1985,12.2
19/02/1985,10.9
20/02/1985,14.6
21/02/1985,16.6
22/02/1985,18.1
23/02/1985,13.4
24/02/1985,10.3
25/02/1985,13.6
26/02/1985,13.8
27/02/1985,10.3
28/02/1985,11
1/03/1985,14.3
2/03/1985,15.5
3/03/1985,14.7
4/03/1985,12.7
5/03/1985,10.7
6/03/1985,12.6
7/03/1985,9.8
8/03/1985,13.2
9/03/1985,15.2
10/03/1985,16.6
11/03/1985,21
12/03/1985,22.4
13/03/1985,17
14/03/1985,21.7
15/03/1985,21.4
16/03/1985,18.6
17/03/1985,16.2
18/03/1985,16.8
19/03/1985,17
20/03/1985,18.4
21/03/1985,17.2
22/03/1985,18.4
23/03/1985,18.8
24/03/1985,16.5
25/03/1985,13.3
26/03/1985,12.2
27/03/1985,11.3
28/03/1985,13.8
29/03/1985,16.6
30/03/1985,14
31/03/1985,14.3
1/04/1985,16.4
2/04/1985,11.9
3/04/1985,15.7
4/04/1985,17.6
5/04/1985,17.5
6/04/1985,15.9
7/04/1985,16.2
8/04/1985,16
9/04/1985,15.9
10/04/1985,16.2
11/04/1985,16.2
12/04/1985,19.5
13/04/1985,18.2
14/04/1985,21.8
15/04/1985,15.1
16/04/1985,11
17/04/1985,8.1
18/04/1985,9.5
19/04/1985,9.3
20/04/1985,10.6
21/04/1985,6.3
22/04/1985,8.6
23/04/1985,6.8
24/04/1985,8.7
25/04/1985,8.4
26/04/1985,9.3
27/04/1985,10
28/04/1985,10.5
29/04/1985,12
30/04/1985,10.1
1/05/1985,9.4
2/05/1985,10.1
3/05/1985,8
4/05/1985,10.6
5/05/1985,13.6
6/05/1985,15.4
7/05/1985,9
8/05/1985,10.4
9/05/1985,11
10/05/1985,12.1
11/05/1985,13.4
12/05/1985,11.3
13/05/1985,6.7
14/05/1985,9.8
15/05/1985,10.8
16/05/1985,7.8
17/05/1985,4.5
18/05/1985,7.6
19/05/1985,6.9
20/05/1985,7.5
21/05/1985,8.5
22/05/1985,5.5
23/05/1985,9.5
24/05/1985,7.3
25/05/1985,5.4
26/05/1985,5.5
27/05/1985,8.1
28/05/1985,11.2
29/05/1985,13.4
30/05/1985,11.6
31/05/1985,10.1
1/06/1985,4.3
2/06/1985,5.5
3/06/1985,4.4
4/06/1985,5.9
5/06/1985,5.7
6/06/1985,8.2
7/06/1985,8.2
8/06/1985,4.2
9/06/1985,6.5
10/06/1985,10
11/06/1985,8.8
12/06/1985,6.6
13/06/1985,7.8
14/06/1985,10.1
15/06/1985,7.1
16/06/1985,7.7
17/06/1985,8.5
18/06/1985,7.3
19/06/1985,6.9
20/06/1985,8.4
21/06/1985,7.1
22/06/1985,6.3
23/06/1985,0.6
24/06/1985,1.6
25/06/1985,7
26/06/1985,8.3
27/06/1985,8
28/06/1985,10.2
29/06/1985,10.6
30/06/1985,10.4
1/07/1985,11.6
2/07/1985,11
3/07/1985,10.7
4/07/1985,7.3
5/07/1985,4.2
6/07/1985,4.7
7/07/1985,5.6
8/07/1985,7.7
9/07/1985,7.5
10/07/1985,4.9
11/07/1985,5.9
12/07/1985,7.8
13/07/1985,5.8
14/07/1985,7
15/07/1985,8.4
16/07/1985,6.2
17/07/1985,7.5
18/07/1985,4.8
19/07/1985,3.3
20/07/1985,3.2
21/07/1985,7
22/07/1985,8.4
23/07/1985,0.3
24/07/1985,0.3
25/07/1985,2.1
26/07/1985,8.5
27/07/1985,1.4
28/07/1985,4.1
29/07/1985,10.3
30/07/1985,6.6
31/07/1985,6.1
1/08/1985,7
2/08/1985,5.1
3/08/1985,6.3
4/08/1985,6.9
5/08/1985,11.4
6/08/1985,10.4
7/08/1985,10.3
8/08/1985,9.2
9/08/1985,7.2
10/08/1985,7.5
11/08/1985,4
12/08/1985,5.6
13/08/1985,6.7
14/08/1985,8.4
15/08/1985,11
16/08/1985,8.4
17/08/1985,8.8
18/08/1985,8.6
19/08/1985,8.3
20/08/1985,4
21/08/1985,3.6
22/08/1985,5.7
23/08/1985,10.6
24/08/1985,6.9
25/08/1985,10
26/08/1985,9.8
27/08/1985,7.2
28/08/1985,10.5
29/08/1985,3.6
30/08/1985,5.3
31/08/1985,8.4
1/09/1985,10.3
2/09/1985,7.9
3/09/1985,8.5
4/09/1985,7.9
5/09/1985,8
6/09/1985,9.8
7/09/1985,6.7
8/09/1985,4.8
9/09/1985,9.9
10/09/1985,12.8
11/09/1985,10.9
12/09/1985,11.7
13/09/1985,11.7
14/09/1985,11
15/09/1985,8.2
16/09/1985,7.5
17/09/1985,5.4
18/09/1985,7.2
19/09/1985,9.7
20/09/1985,8.4
21/09/1985,9
22/09/1985,8.7
23/09/1985,6.6
24/09/1985,11.6
25/09/1985,13.1
26/09/1985,6.7
27/09/1985,6.5
28/09/1985,7.7
29/09/1985,8.7
30/09/1985,7.2
1/10/1985,10.5
2/10/1985,8.6
3/10/1985,7.2
4/10/1985,11.4
5/10/1985,16.2
6/10/1985,6.1
7/10/1985,9.6
8/10/1985,11.1
9/10/1985,13.6
10/10/1985,10.7
11/10/1985,14.7
12/10/1985,11.6
13/10/1985,7.3
14/10/1985,8
15/10/1985,9.6
16/10/1985,16
17/10/1985,15.1
18/10/1985,12.8
19/10/1985,6.2
20/10/1985,7.1
21/10/1985,8.4
22/10/1985,10
23/10/1985,12.7
24/10/1985,10
25/10/1985,10.2
26/10/1985,6.5
27/10/1985,9.2
28/10/1985,11.9
29/10/1985,14.7
30/10/1985,11.4
31/10/1985,6.8
1/11/1985,7.4
2/11/1985,11.2
3/11/1985,9.2
4/11/1985,12.6
5/11/1985,16
6/11/1985,17.1
7/11/1985,15.3
8/11/1985,13.3
9/11/1985,15.4
10/11/1985,13.2
11/11/1985,14.4
12/11/1985,14
13/11/1985,15.5
14/11/1985,21
15/11/1985,10
16/11/1985,9.6
17/11/1985,12
18/11/1985,12.2
19/11/1985,11.3
20/11/1985,13.2
21/11/1985,10.5
22/11/1985,10.1
23/11/1985,8.8
24/11/1985,13.7
25/11/1985,16.2
26/11/1985,16
27/11/1985,14
28/11/1985,13.7
29/11/1985,12.5
30/11/1985,12.8
1/12/1985,12.3
2/12/1985,15.2
3/12/1985,15
4/12/1985,16.4
5/12/1985,16.1
6/12/1985,14.6
7/12/1985,18.2
8/12/1985,16.4
9/12/1985,16.6
10/12/1985,14.7
11/12/1985,15.8
12/12/1985,14.1
13/12/1985,13.5
14/12/1985,13.6
15/12/1985,13.7
16/12/1985,13.6
17/12/1985,12.1
18/12/1985,12.7
19/12/1985,13.3
20/12/1985,14.2
21/12/1985,15
22/12/1985,13.7
23/12/1985,12
24/12/1985,13.1
25/12/1985,13.2
26/12/1985,13.3
27/12/1985,11.5
28/12/1985,10.8
29/12/1985,12
30/12/1985,16.3
31/12/1985,14.4
1/01/1986,12.9
2/01/1986,13.8
3/01/1986,10.6
4/01/1986,12.6
5/01/1986,13.7
6/01/1986,12.6
7/01/1986,13.1
8/01/1986,15.4
9/01/1986,11.9
10/01/1986,13.8
11/01/1986,14.4
12/01/1986,15.2
13/01/1986,12.5
14/01/1986,12.2
15/01/1986,16.1
16/01/1986,14.6
17/01/1986,11.6
18/01/1986,13.1
19/01/1986,12.8
20/01/1986,15.2
21/01/1986,13.8
22/01/1986,15
23/01/1986,13.5
24/01/1986,11.8
25/01/1986,15.3
26/01/1986,13.5
27/01/1986,15.3
28/01/1986,13.8
29/01/1986,15.8
30/01/1986,17.4
31/01/1986,15.3
1/02/1986,14.6
2/02/1986,14.8
3/02/1986,10.7
4/02/1986,11.6
5/02/1986,13.6
6/02/1986,14.4
7/02/1986,11.8
8/02/1986,15.8
9/02/1986,16
10/02/1986,11.8
11/02/1986,14.5
12/02/1986,10.7
13/02/1986,14.2
14/02/1986,19.5
15/02/1986,21.4
16/02/1986,17.9
17/02/1986,17.4
18/02/1986,12.7
19/02/1986,13.8
20/02/1986,14
21/02/1986,15
22/02/1986,14.5
23/02/1986,13.1
24/02/1986,11.4
25/02/1986,12.5
26/02/1986,12
27/02/1986,13.4
28/02/1986,14.4
1/03/1986,17.7
2/03/1986,13.9
3/03/1986,13.3
4/03/1986,14.6
5/03/1986,16.4
6/03/1986,16.8
7/03/1986,20
8/03/1986,12.5
9/03/1986,12.7
10/03/1986,11.7
11/03/1986,12.7
12/03/1986,8.6
13/03/1986,11.9
14/03/1986,16
15/03/1986,15.2
16/03/1986,13.4
17/03/1986,11.6
18/03/1986,11.1
19/03/1986,15.6
20/03/1986,17
21/03/1986,18.5
22/03/1986,17.4
23/03/1986,16.5
24/03/1986,16.2
25/03/1986,16.1
26/03/1986,13.2
27/03/1986,18
28/03/1986,12.8
29/03/1986,11.7
30/03/1986,16.7
31/03/1986,15.6
1/04/1986,10.2
2/04/1986,10.3
3/04/1986,15
4/04/1986,18
5/04/1986,13.8
6/04/1986,10.5
7/04/1986,11.8
8/04/1986,7.2
9/04/1986,11.6
10/04/1986,7.4
11/04/1986,14.2
12/04/1986,12.2
13/04/1986,9
14/04/1986,12.3
15/04/1986,19.7
16/04/1986,12.8
17/04/1986,12.4
18/04/1986,12
19/04/1986,12
20/04/1986,11.1
21/04/1986,12.7
22/04/1986,14.2
23/04/1986,11.6
24/04/1986,12
25/04/1986,11.5
26/04/1986,8.3
27/04/1986,10.5
28/04/1986,9
29/04/1986,6.9
30/04/1986,9.4
1/05/1986,11.1
2/05/1986,9.1
3/05/1986,7.7
4/05/1986,10
5/05/1986,10.4
6/05/1986,8
7/05/1986,9.8
8/05/1986,12.4
9/05/1986,12.9
10/05/1986,12.3
11/05/1986,6.9
12/05/1986,10.5
13/05/1986,11
14/05/1986,9.7
15/05/1986,11.1
16/05/1986,11.5
17/05/1986,13.4
18/05/1986,10.9
19/05/1986,12
20/05/1986,12.1
21/05/1986,10.4
22/05/1986,10
23/05/1986,9.6
24/05/1986,11.3
25/05/1986,8.5
26/05/1986,6.3
27/05/1986,8.2
28/05/1986,10.7
29/05/1986,10.3
30/05/1986,9.5
31/05/1986,10.9
1/06/1986,10.9
2/06/1986,4.3
3/06/1986,5.2
4/06/1986,11
5/06/1986,11.6
6/06/1986,10.6
7/06/1986,9.4
8/06/1986,10
9/06/1986,9.6
10/06/1986,9.5
11/06/1986,9.7
12/06/1986,9.6
13/06/1986,7
14/06/1986,7
15/06/1986,6.8
16/06/1986,6.9
17/06/1986,8
18/06/1986,7.6
19/06/1986,8.6
20/06/1986,5.7
21/06/1986,5.5
22/06/1986,5.7
23/06/1986,5.7
24/06/1986,6.6
25/06/1986,6
26/06/1986,6.9
27/06/1986,7.7
28/06/1986,8
29/06/1986,3.9
30/06/1986,0.8
1/07/1986,2.8
2/07/1986,8
3/07/1986,9.8
4/07/1986,11.4
5/07/1986,8.6
6/07/1986,5.2
7/07/1986,6.6
8/07/1986,5.7
9/07/1986,4.6
10/07/1986,5.8
11/07/1986,7
12/07/1986,4.8
13/07/1986,4.4
14/07/1986,4.4
15/07/1986,7.9
16/07/1986,10.6
17/07/1986,5
18/07/1986,7.6
19/07/1986,9.2
20/07/1986,9.7
21/07/1986,8.8
22/07/1986,6.8
23/07/1986,9.4
24/07/1986,11
25/07/1986,2.5
26/07/1986,2.1
27/07/1986,5.4
28/07/1986,6.2
29/07/1986,7.8
30/07/1986,7.4
31/07/1986,9.3
1/08/1986,9.3
2/08/1986,9.5
3/08/1986,8.5
4/08/1986,10
5/08/1986,7.7
6/08/1986,9.3
7/08/1986,9.1
8/08/1986,3.5
9/08/1986,3.6
10/08/1986,2.5
11/08/1986,1.7
12/08/1986,2.7
13/08/1986,2.9
14/08/1986,5.3
15/08/1986,7.7
16/08/1986,9.1
17/08/1986,9.4
18/08/1986,7.3
19/08/1986,8.4
20/08/1986,9.2
21/08/1986,6.6
22/08/1986,9.7
23/08/1986,12.4
24/08/1986,10.2
25/08/1986,5.9
26/08/1986,7.1
27/08/1986,7.5
28/08/1986,9.7
29/08/1986,12.2
30/08/1986,5.6
31/08/1986,5.4
1/09/1986,8.3
2/09/1986,10.6
3/09/1986,9.1
4/09/1986,11.3
5/09/1986,10.9
6/09/1986,8.9
7/09/1986,6.3
8/09/1986,9
9/09/1986,6.1
10/09/1986,9.1
11/09/1986,9.6
12/09/1986,6
13/09/1986,10
14/09/1986,11
15/09/1986,6.2
16/09/1986,8.3
17/09/1986,11.3
18/09/1986,11.3
19/09/1986,6.7
20/09/1986,6.6
21/09/1986,11.4
22/09/1986,6.9
23/09/1986,10.6
24/09/1986,8.6
25/09/1986,11.3
26/09/1986,12.5
27/09/1986,9.9
28/09/1986,6.9
29/09/1986,5.5
30/09/1986,7.8
1/10/1986,11
2/10/1986,16.2
3/10/1986,9.9
4/10/1986,8.7
5/10/1986,10.5
6/10/1986,12.2
7/10/1986,10.6
8/10/1986,8.3
9/10/1986,5.5
10/10/1986,9
11/10/1986,6.4
12/10/1986,7.2
13/10/1986,12.9
14/10/1986,12
15/10/1986,7.3
16/10/1986,9.7
17/10/1986,8.4
18/10/1986,14.7
19/10/1986,9.5
20/10/1986,7.9
21/10/1986,6.8
22/10/1986,12.6
23/10/1986,5.2
24/10/1986,7.5
25/10/1986,8.7
26/10/1986,7.6
27/10/1986,9
28/10/1986,7.2
29/10/1986,10.7
30/10/1986,13.1
31/10/1986,13.9
1/11/1986,10.8
2/11/1986,10.4
3/11/1986,9.1
4/11/1986,16
5/11/1986,21
6/11/1986,16.2
7/11/1986,8.6
8/11/1986,9.2
9/11/1986,12.5
10/11/1986,9.7
11/11/1986,12.5
12/11/1986,10.3
13/11/1986,12
14/11/1986,11
15/11/1986,14.8
16/11/1986,15
17/11/1986,15.3
18/11/1986,10.3
19/11/1986,10.7
20/11/1986,10.5
21/11/1986,8.9
22/11/1986,8.1
23/11/1986,11.5
24/11/1986,12.8
25/11/1986,9.1
26/11/1986,14.6
27/11/1986,11.6
28/11/1986,11.2
29/11/1986,12.6
30/11/1986,7.5
1/12/1986,11
2/12/1986,14.5
3/12/1986,18.5
4/12/1986,15.4
5/12/1986,13.1
6/12/1986,16.3
7/12/1986,20.2
8/12/1986,11.5
9/12/1986,12.4
10/12/1986,10.9
11/12/1986,12.7
12/12/1986,12.2
13/12/1986,12.4
14/12/1986,9.8
15/12/1986,8.5
16/12/1986,14.7
17/12/1986,12
18/12/1986,10.3
19/12/1986,11
20/12/1986,10.2
21/12/1986,12.6
22/12/1986,11.6
23/12/1986,9.7
24/12/1986,13.4
25/12/1986,10.5
26/12/1986,14.7
27/12/1986,14.6
28/12/1986,14.2
29/12/1986,13.2
30/12/1986,11.7
31/12/1986,17.2
1/01/1987,12.3
2/01/1987,13.8
3/01/1987,15.3
4/01/1987,15.6
5/01/1987,16.2
6/01/1987,16.3
7/01/1987,16.8
8/01/1987,11
9/01/1987,8.5
10/01/1987,13.2
11/01/1987,13
12/01/1987,12.4
13/01/1987,13
14/01/1987,16.6
15/01/1987,12
16/01/1987,12.4
17/01/1987,15
18/01/1987,11.8
19/01/1987,11.6
20/01/1987,12.2
21/01/1987,13.7
22/01/1987,11.2
23/01/1987,12.4
24/01/1987,11.5
25/01/1987,13.8
26/01/1987,15.7
27/01/1987,12.9
28/01/1987,11.5
29/01/1987,11
30/01/1987,12.7
31/01/1987,14.9
1/02/1987,16.5
2/02/1987,12.8
3/02/1987,12.7
4/02/1987,12.7
5/02/1987,11.6
6/02/1987,13.3
7/02/1987,15.2
8/02/1987,16.4
9/02/1987,11.9
10/02/1987,15.1
11/02/1987,10.6
12/02/1987,13.6
13/02/1987,12.1
14/02/1987,16
15/02/1987,16.8
16/02/1987,16.6
17/02/1987,15.6
18/02/1987,15.2
19/02/1987,17.7
20/02/1987,21
21/02/1987,13.4
22/02/1987,10.5
23/02/1987,9.5
24/02/1987,12
25/02/1987,10.4
26/02/1987,11.5
27/02/1987,13.2
28/02/1987,15
1/03/1987,14.1
2/03/1987,12.4
3/03/1987,13.4
4/03/1987,12.5
5/03/1987,14.3
6/03/1987,17.6
7/03/1987,10.4
8/03/1987,9.9
9/03/1987,10.2
10/03/1987,11.3
11/03/1987,9.5
12/03/1987,11.8
13/03/1987,11.5
14/03/1987,10.5
15/03/1987,10.8
16/03/1987,13
17/03/1987,18.5
18/03/1987,18.7
19/03/1987,15
20/03/1987,13
21/03/1987,11.3
22/03/1987,13
23/03/1987,13.3
24/03/1987,11
25/03/1987,10.3
26/03/1987,13
27/03/1987,12.3
28/03/1987,15.6
29/03/1987,10.2
30/03/1987,10.8
31/03/1987,12
1/04/1987,13.3
2/04/1987,11.7
3/04/1987,12.5
4/04/1987,13.7
5/04/1987,14.9
6/04/1987,20.2
7/04/1987,16.3
8/04/1987,13.9
9/04/1987,10.1
10/04/1987,7.3
11/04/1987,14
12/04/1987,17.7
13/04/1987,16.3
14/04/1987,10.6
15/04/1987,9.7
16/04/1987,7.8
17/04/1987,10.4
18/04/1987,10.4
19/04/1987,14.1
20/04/1987,7.1
21/04/1987,8.1
22/04/1987,7.8
23/04/1987,10.6
24/04/1987,9.1
25/04/1987,9
26/04/1987,11.9
27/04/1987,17.1
28/04/1987,16.8
29/04/1987,13.5
30/04/1987,11.6
1/05/1987,7
2/05/1987,9.7
3/05/1987,9.9
4/05/1987,11.2
5/05/1987,11.3
6/05/1987,11.8
7/05/1987,9.9
8/05/1987,7.1
9/05/1987,9.6
10/05/1987,9.8
11/05/1987,10.6
12/05/1987,12.8
13/05/1987,16.5
14/05/1987,11.7
15/05/1987,12.3
16/05/1987,12.2
17/05/1987,11.8
18/05/1987,10.7
19/05/1987,10.2
20/05/1987,10
21/05/1987,8.3
22/05/1987,6.6
23/05/1987,9.5
24/05/1987,12.3
25/05/1987,7.6
26/05/1987,9.3
27/05/1987,5
28/05/1987,4.3
29/05/1987,6.4
30/05/1987,10.8
31/05/1987,7.8
1/06/1987,8.5
2/06/1987,9.7
3/06/1987,10
4/06/1987,11
5/06/1987,10.2
6/06/1987,6.6
7/06/1987,6.1
8/06/1987,5.9
9/06/1987,8.9
10/06/1987,13
11/06/1987,12.6
12/06/1987,5.4
13/06/1987,6
14/06/1987,7.8
15/06/1987,9
16/06/1987,4.2
17/06/1987,3
18/06/1987,4.5
19/06/1987,6.2
20/06/1987,11.9
21/06/1987,11.8
22/06/1987,9.4
23/06/1987,9.6
24/06/1987,9.4
25/06/1987,7
26/06/1987,8.9
27/06/1987,9.3
28/06/1987,6.8
29/06/1987,7.5
30/06/1987,8
1/07/1987,8.3
2/07/1987,2.7
3/07/1987,3.9
4/07/1987,4.1
5/07/1987,5
6/07/1987,5.8
7/07/1987,4.4
8/07/1987,4.1
9/07/1987,5.8
10/07/1987,9.1
11/07/1987,7.9
12/07/1987,5
13/07/1987,2.8
14/07/1987,4.7
15/07/1987,8.9
16/07/1987,5.4
17/07/1987,7.1
18/07/1987,9
19/07/1987,9.4
20/07/1987,6.3
21/07/1987,7
22/07/1987,6.4
23/07/1987,6.7
24/07/1987,1.5
25/07/1987,2.9
26/07/1987,4.8
27/07/1987,6.3
28/07/1987,5.7
29/07/1987,7
30/07/1987,8.8
31/07/1987,8.7
1/08/1987,9
2/08/1987,9.6
3/08/1987,8
4/08/1987,8.4
5/08/1987,8.1
6/08/1987,9
7/08/1987,5.3
8/08/1987,8.9
9/08/1987,8.7
10/08/1987,4.9
11/08/1987,7
12/08/1987,7.5
13/08/1987,7
14/08/1987,9.1
15/08/1987,11.8
16/08/1987,9.9
17/08/1987,5.6
18/08/1987,4.2
19/08/1987,4.3
20/08/1987,8
21/08/1987,5.1
22/08/1987,9.4
23/08/1987,9.1
24/08/1987,9.7
25/08/1987,10.6
26/08/1987,8.6
27/08/1987,10.1
28/08/1987,11
29/08/1987,9.7
30/08/1987,5
31/08/1987,6.1
1/09/1987,5.4
2/09/1987,5.8
3/09/1987,7.3
4/09/1987,6.3
5/09/1987,4.8
6/09/1987,7.6
7/09/1987,8.1
8/09/1987,9.5
9/09/1987,10.3
10/09/1987,7
11/09/1987,9
12/09/1987,10.2
13/09/1987,6.8
14/09/1987,9.3
15/09/1987,9.8
16/09/1987,10.7
17/09/1987,7.8
18/09/1987,9.2
19/09/1987,15
20/09/1987,7.8
21/09/1987,5.3
22/09/1987,9.5
23/09/1987,7.6
24/09/1987,14
25/09/1987,14.9
26/09/1987,14.9
27/09/1987,19.2
28/09/1987,17
29/09/1987,13
30/09/1987,11.2
1/10/1987,9.5
2/10/1987,10.3
3/10/1987,9.3
4/10/1987,11.3
5/10/1987,6.5
6/10/1987,12
7/10/1987,8.3
8/10/1987,8.7
9/10/1987,8.7
10/10/1987,10.2
11/10/1987,6.9
12/10/1987,4.9
13/10/1987,10
14/10/1987,7.6
15/10/1987,14.5
16/10/1987,13.2
17/10/1987,9.9
18/10/1987,10.1
19/10/1987,11.3
20/10/1987,10.4
21/10/1987,10.9
22/10/1987,9.2
23/10/1987,10.5
24/10/1987,11.4
25/10/1987,13.5
26/10/1987,9.8
27/10/1987,13.1
28/10/1987,9.7
29/10/1987,11.4
30/10/1987,9.9
31/10/1987,14.4
1/11/1987,19
2/11/1987,23
3/11/1987,15.4
4/11/1987,9.6
5/11/1987,10.8
6/11/1987,12.1
7/11/1987,11
8/11/1987,12.6
9/11/1987,14.7
10/11/1987,11.1
11/11/1987,10.1
12/11/1987,11.4
13/11/1987,13
14/11/1987,11.9
15/11/1987,9.5
16/11/1987,13.5
17/11/1987,15.2
18/11/1987,18.4
19/11/1987,24.1
20/11/1987,14.1
21/11/1987,10.7
22/11/1987,8.7
23/11/1987,13.3
24/11/1987,11.6
25/11/1987,9.9
26/11/1987,10.8
27/11/1987,11.5
28/11/1987,10
29/11/1987,13.9
30/11/1987,13.6
1/12/1987,11.9
2/12/1987,11.1
3/12/1987,8.2
4/12/1987,9.4
5/12/1987,12.7
6/12/1987,11.6
7/12/1987,11
8/12/1987,11.3
9/12/1987,13.4
10/12/1987,14.9
11/12/1987,15.2
12/12/1987,13.9
13/12/1987,15
14/12/1987,16.2
15/12/1987,17.7
16/12/1987,20.5
17/12/1987,14.7
18/12/1987,12.5
19/12/1987,10.9
20/12/1987,12.8
21/12/1987,12.7
22/12/1987,11.2
23/12/1987,11.4
24/12/1987,11.2
25/12/1987,12.1
26/12/1987,12.7
27/12/1987,16.2
28/12/1987,14.2
29/12/1987,14.3
30/12/1987,13.3
31/12/1987,16.7
1/01/1988,15.3
2/01/1988,14.3
3/01/1988,13.5
4/01/1988,15
5/01/1988,13.6
6/01/1988,15.2
7/01/1988,17
8/01/1988,18.7
9/01/1988,16.5
10/01/1988,17.4
11/01/1988,18.3
12/01/1988,18.3
13/01/1988,22.4
14/01/1988,21.4
15/01/1988,20.9
16/01/1988,17.6
17/01/1988,15.5
18/01/1988,16.6
19/01/1988,16.2
20/01/1988,15.6
21/01/1988,14.5
22/01/1988,14
23/01/1988,15.6
24/01/1988,12.3
25/01/1988,11.6
26/01/1988,12.6
27/01/1988,14.9
28/01/1988,17.3
29/01/1988,21.4
30/01/1988,23.4
31/01/1988,14.4
1/02/1988,14.1
2/02/1988,15
3/02/1988,14.5
4/02/1988,15.1
5/02/1988,13.9
6/02/1988,13.4
7/02/1988,9.2
8/02/1988,12.5
9/02/1988,15.1
10/02/1988,12.1
11/02/1988,14.5
12/02/1988,16.3
13/02/1988,16.5
14/02/1988,14.9
15/02/1988,13.2
16/02/1988,11.8
17/02/1988,13.6
18/02/1988,16.2
19/02/1988,14.1
20/02/1988,13.5
21/02/1988,15
22/02/1988,14.8
23/02/1988,16.2
24/02/1988,16.2
25/02/1988,13.3
26/02/1988,15.3
27/02/1988,18.4
28/02/1988,16.2
29/02/1988,16.3
1/03/1988,12.4
2/03/1988,15.6
3/03/1988,14.9
4/03/1988,14.8
5/03/1988,12.7
6/03/1988,14.2
7/03/1988,16.8
8/03/1988,16.7
9/03/1988,16.2
10/03/1988,14.5
11/03/1988,10
12/03/1988,12.6
13/03/1988,11.9
14/03/1988,11.8
15/03/1988,13.4
16/03/1988,14.5
17/03/1988,15.7
18/03/1988,15.3
19/03/1988,13.9
20/03/1988,13.7
21/03/1988,15.1
22/03/1988,15.6
23/03/1988,14.4
24/03/1988,13.9
25/03/1988,16.2
26/03/1988,16.7
27/03/1988,15.5
28/03/1988,16.4
29/03/1988,17.5
30/03/1988,18.2
31/03/1988,16.1
1/04/1988,16.5
2/04/1988,14.6
3/04/1988,16.4
4/04/1988,13.6
5/04/1988,15.9
6/04/1988,11.9
7/04/1988,14.7
8/04/1988,9.4
9/04/1988,6.6
10/04/1988,7.9
11/04/1988,11
12/04/1988,15.7
13/04/1988,15.2
14/04/1988,15.9
15/04/1988,10.6
16/04/1988,8.3
17/04/1988,8.6
18/04/1988,12.7
19/04/1988,10.5
20/04/1988,12
21/04/1988,11.1
22/04/1988,13
23/04/1988,12.4
24/04/1988,13.3
25/04/1988,15.9
26/04/1988,12
27/04/1988,13.7
28/04/1988,17.6
29/04/1988,14.3
30/04/1988,13.7
1/05/1988,15.2
2/05/1988,14.5
3/05/1988,14.9
4/05/1988,15.5
5/05/1988,16.4
6/05/1988,14.5
7/05/1988,12.6
8/05/1988,13.6
9/05/1988,11.2
10/05/1988,11
11/05/1988,12
12/05/1988,6.8
13/05/1988,10.6
14/05/1988,13.1
15/05/1988,13.5
16/05/1988,11.7
17/05/1988,13.2
18/05/1988,12
19/05/1988,10.4
20/05/1988,10
21/05/1988,8.2
22/05/1988,9.4
23/05/1988,10.3
24/05/1988,8.1
25/05/1988,8.7
26/05/1988,12.6
27/05/1988,10.9
28/05/1988,8.7
29/05/1988,9.3
30/05/1988,6.3
31/05/1988,7.8
1/06/1988,10
2/06/1988,11
3/06/1988,11.1
4/06/1988,12.6
5/06/1988,10.2
6/06/1988,11.1
7/06/1988,8.7
8/06/1988,9.5
9/06/1988,9.7
10/06/1988,8.2
11/06/1988,5
12/06/1988,6.5
13/06/1988,12.1
14/06/1988,8.9
15/06/1988,6.1
16/06/1988,2.8
17/06/1988,3.7
18/06/1988,6.8
19/06/1988,6.6
20/06/1988,7
21/06/1988,7.3
22/06/1988,7.9
23/06/1988,10.6
24/06/1988,8.1
25/06/1988,6.7
26/06/1988,8
27/06/1988,10
28/06/1988,6.7
29/06/1988,9.4
30/06/1988,9.3
1/07/1988,6
2/07/1988,5.8
3/07/1988,4.9
4/07/1988,5
5/07/1988,8.4
6/07/1988,12.3
7/07/1988,13
8/07/1988,11.4
9/07/1988,6.8
10/07/1988,7.6
11/07/1988,12.4
12/07/1988,7.1
13/07/1988,7.5
14/07/1988,10
15/07/1988,5.3
16/07/1988,6.3
17/07/1988,8
18/07/1988,8.3
19/07/1988,9.3
20/07/1988,9.5
21/07/1988,5.6
22/07/1988,7
23/07/1988,8.5
24/07/1988,8.5
25/07/1988,8.2
26/07/1988,8.5
27/07/1988,9.6
28/07/1988,9.7
29/07/1988,7.1
30/07/1988,8.4
31/07/1988,9.2
1/08/1988,9.8
2/08/1988,8.1
3/08/1988,9.4
4/08/1988,10
5/08/1988,5.1
6/08/1988,6.7
7/08/1988,6.9
8/08/1988,6.8
9/08/1988,8.6
10/08/1988,9.1
11/08/1988,3.9
12/08/1988,4.8
13/08/1988,8.4
14/08/1988,11.6
15/08/1988,12.1
16/08/1988,12.4
17/08/1988,10
18/08/1988,10.1
19/08/1988,9.7
20/08/1988,11.7
21/08/1988,7.9
22/08/1988,8.6
23/08/1988,7.7
24/08/1988,5.8
25/08/1988,8.7
26/08/1988,10.6
27/08/1988,6.7
28/08/1988,8.8
29/08/1988,9.7
30/08/1988,9
31/08/1988,11.8
1/09/1988,15.2
2/09/1988,10
3/09/1988,10.5
4/09/1988,5.5
5/09/1988,9.4
6/09/1988,8.8
7/09/1988,5.3
8/09/1988,13
9/09/1988,15.2
10/09/1988,13.2
11/09/1988,11.5
12/09/1988,6.8
13/09/1988,4.7
14/09/1988,5.2
15/09/1988,6.8
16/09/1988,10.7
17/09/1988,10.1
18/09/1988,10
19/09/1988,9.8
20/09/1988,5.5
21/09/1988,13.5
22/09/1988,16.6
23/09/1988,8.4
24/09/1988,8.2
25/09/1988,11.1
26/09/1988,10.8
27/09/1988,8.8
28/09/1988,10.8
29/09/1988,8.7
30/09/1988,12.4
1/10/1988,9
2/10/1988,13.5
3/10/1988,14.7
4/10/1988,10.9
5/10/1988,8.5
6/10/1988,6
7/10/1988,12.7
8/10/1988,11.1
9/10/1988,8.7
10/10/1988,12.3
11/10/1988,13.3
12/10/1988,5.6
13/10/1988,13.7
14/10/1988,8.5
15/10/1988,11.2
16/10/1988,8.7
17/10/1988,11.7
18/10/1988,12.5
19/10/1988,8.2
20/10/1988,15.6
21/10/1988,10.3
22/10/1988,11.4
23/10/1988,9.7
24/10/1988,6.3
25/10/1988,14.3
26/10/1988,11.3
27/10/1988,7.3
28/10/1988,12.8
29/10/1988,11.9
30/10/1988,14.3
31/10/1988,11.6
1/11/1988,13.2
2/11/1988,15.5
3/11/1988,14.1
4/11/1988,9.5
5/11/1988,7.2
6/11/1988,11.8
7/11/1988,16.8
8/11/1988,12.5
9/11/1988,9.4
10/11/1988,11.9
11/11/1988,10.3
12/11/1988,16.9
13/11/1988,17.5
14/11/1988,7.5
15/11/1988,8.6
16/11/1988,11.1
17/11/1988,11.5
18/11/1988,10.7
19/11/1988,15.7
20/11/1988,12.8
21/11/1988,13
22/11/1988,12.9
23/11/1988,14.3
24/11/1988,13.7
25/11/1988,12.1
26/11/1988,11.9
27/11/1988,11.8
28/11/1988,11.4
29/11/1988,10.3
30/11/1988,11.7
1/12/1988,12
2/12/1988,17.4
3/12/1988,16.8
4/12/1988,16.2
5/12/1988,13
6/12/1988,12.5
7/12/1988,12.4
8/12/1988,16.1
9/12/1988,20.2
10/12/1988,14.3
11/12/1988,11
12/12/1988,14.4
13/12/1988,15.7
14/12/1988,19.7
15/12/1988,20.7
16/12/1988,23.9
17/12/1988,16.6
18/12/1988,17.5
19/12/1988,14.9
20/12/1988,13.6
21/12/1988,11.9
22/12/1988,15.2
23/12/1988,17.3
24/12/1988,19.8
25/12/1988,15.8
26/12/1988,9.5
27/12/1988,12.9
28/12/1988,12.9
29/12/1988,14.8
30/12/1988,14.1
1/01/1989,14.3
2/01/1989,17.4
3/01/1989,18.5
4/01/1989,16.8
5/01/1989,11.5
6/01/1989,9.5
7/01/1989,12.2
8/01/1989,15.7
9/01/1989,16.3
10/01/1989,13.6
11/01/1989,12.6
12/01/1989,13.8
13/01/1989,12.1
14/01/1989,13.4
15/01/1989,17.3
16/01/1989,19.4
17/01/1989,16.6
18/01/1989,13.9
19/01/1989,13.1
20/01/1989,16
21/01/1989,14.5
22/01/1989,15
23/01/1989,12.6
24/01/1989,12.5
25/01/1989,15.2
26/01/1989,16.2
27/01/1989,16.5
28/01/1989,20.1
29/01/1989,20.6
30/01/1989,16.9
31/01/1989,16.5
1/02/1989,16.1
2/02/1989,14.4
3/02/1989,16.3
4/02/1989,15.7
5/02/1989,14.2
6/02/1989,13.2
7/02/1989,16.8
8/02/1989,18.5
9/02/1989,16.7
10/02/1989,15.3
11/02/1989,15.9
12/02/1989,15.2
13/02/1989,17.5
14/02/1989,18.3
15/02/1989,19.4
16/02/1989,19.4
17/02/1989,19.5
18/02/1989,20.5
19/02/1989,15.7
20/02/1989,15
21/02/1989,16.1
22/02/1989,14.3
23/02/1989,13
24/02/1989,16.2
25/02/1989,17.7
26/02/1989,13.2
27/02/1989,15.8
28/02/1989,18.5
1/03/1989,20.4
2/03/1989,22
3/03/1989,19.7
4/03/1989,19.6
5/03/1989,20.3
6/03/1989,18.3
7/03/1989,18.9
8/03/1989,20.3
9/03/1989,21.4
10/03/1989,18.3
11/03/1989,17.8
12/03/1989,17.7
13/03/1989,12.8
14/03/1989,15.1
15/03/1989,15
16/03/1989,14.8
17/03/1989,12
18/03/1989,12.5
19/03/1989,15
20/03/1989,17.1
21/03/1989,17.3
22/03/1989,16.9
23/03/1989,16.5
24/03/1989,13.6
25/03/1989,13.2
26/03/1989,9.4
27/03/1989,9.5
28/03/1989,11.8
29/03/1989,10.4
30/03/1989,9.7
31/03/1989,12.6
1/04/1989,13.3
2/04/1989,15.1
3/04/1989,14.2
4/04/1989,14.2
5/04/1989,19.2
6/04/1989,12.6
7/04/1989,14.2
8/04/1989,11.9
9/04/1989,13.9
10/04/1989,13.5
11/04/1989,15.3
12/04/1989,13.9
13/04/1989,14
14/04/1989,12.9
15/04/1989,8.5
16/04/1989,11.4
17/04/1989,10.9
18/04/1989,12
19/04/1989,8.6
20/04/1989,9
21/04/1989,9.6
22/04/1989,10.2
23/04/1989,9.8
24/04/1989,8.3
25/04/1989,11
26/04/1989,11.9
27/04/1989,14
28/04/1989,15.8
29/04/1989,14.5
30/04/1989,13.2
1/05/1989,14.2
2/05/1989,14.6
3/05/1989,11.8
4/05/1989,14.4
5/05/1989,10.4
6/05/1989,10.3
7/05/1989,10.8
8/05/1989,10.5
9/05/1989,9.5
10/05/1989,12.5
11/05/1989,13.7
12/05/1989,12.7
13/05/1989,11.9
14/05/1989,11.4
15/05/1989,9.7
16/05/1989,8.3
17/05/1989,8.1
18/05/1989,11.7
19/05/1989,11.6
20/05/1989,7.4
21/05/1989,5.2
22/05/1989,11
23/05/1989,9.5
24/05/1989,9.2
25/05/1989,10.7
26/05/1989,9
27/05/1989,10.2
28/05/1989,10.3
29/05/1989,12.1
30/05/1989,13.2
31/05/1989,6.6
1/06/1989,2.3
2/06/1989,1.4
3/06/1989,2.1
4/06/1989,6.6
5/06/1989,8.9
6/06/1989,7.8
7/06/1989,9
8/06/1989,10.3
9/06/1989,7.9
10/06/1989,7.2
11/06/1989,8.6
12/06/1989,8.8
13/06/1989,6.2
14/06/1989,9.5
15/06/1989,10.2
16/06/1989,9.7
17/06/1989,11.2
18/06/1989,10.2
19/06/1989,10.1
20/06/1989,8.1
21/06/1989,6.6
22/06/1989,5
23/06/1989,4.7
24/06/1989,5.3
25/06/1989,4.5
26/06/1989,2.3
27/06/1989,1.4
28/06/1989,0.5
29/06/1989,2.4
30/06/1989,8
1/07/1989,6
2/07/1989,7.1
3/07/1989,9.7
4/07/1989,6.9
5/07/1989,5.3
6/07/1989,7
7/07/1989,6.2
8/07/1989,7
9/07/1989,9.7
10/07/1989,8
11/07/1989,8.5
12/07/1989,7.1
13/07/1989,7.5
14/07/1989,3.3
15/07/1989,1.8
16/07/1989,2.6
17/07/1989,5.3
18/07/1989,5.8
19/07/1989,5.8
20/07/1989,7.2
21/07/1989,5.3
22/07/1989,1.6
23/07/1989,3.1
24/07/1989,5.3
25/07/1989,7.7
26/07/1989,4.2
27/07/1989,5.5
28/07/1989,9
29/07/1989,11.2
30/07/1989,8
31/07/1989,7.6
1/08/1989,3.7
2/08/1989,7.5
3/08/1989,8.1
4/08/1989,8.4
5/08/1989,7.1
6/08/1989,7.6
7/08/1989,7.6
8/08/1989,5.6
9/08/1989,7
10/08/1989,10.5
11/08/1989,7.3
12/08/1989,7.8
13/08/1989,5.8
14/08/1989,3.8
15/08/1989,5.8
16/08/1989,6.7
17/08/1989,6.6
18/08/1989,6.6
19/08/1989,9
20/08/1989,8.1
21/08/1989,5.1
22/08/1989,8.6
23/08/1989,7
24/08/1989,5.5
25/08/1989,7.4
26/08/1989,6.2
27/08/1989,4.2
28/08/1989,6.3
29/08/1989,7
30/08/1989,4
31/08/1989,8
1/09/1989,8.8
2/09/1989,8.8
3/09/1989,6.1
4/09/1989,8.6
5/09/1989,8.9
6/09/1989,7.8
7/09/1989,5
8/09/1989,7
9/09/1989,13.3
10/09/1989,7.9
11/09/1989,7.5
12/09/1989,8.3
13/09/1989,7.2
14/09/1989,6.5
15/09/1989,8.9
16/09/1989,7.4
17/09/1989,9.9
18/09/1989,9.3
19/09/1989,10.6
20/09/1989,8.6
21/09/1989,7.2
22/09/1989,12.6
23/09/1989,7.8
24/09/1989,6.3
25/09/1989,9.2
26/09/1989,5.8
27/09/1989,9
28/09/1989,5
29/09/1989,11.9
30/09/1989,13.4
1/10/1989,10.5
2/10/1989,6.2
3/10/1989,5.1
4/10/1989,9.5
5/10/1989,11.7
6/10/1989,9.2
7/10/1989,7.3
8/10/1989,9.7
9/10/1989,9.4
10/10/1989,10
11/10/1989,10.9
12/10/1989,11
13/10/1989,10.9
14/10/1989,8
15/10/1989,11.2
16/10/1989,7.5
17/10/1989,7.2
18/10/1989,13.2
19/10/1989,12.9
20/10/1989,9.4
21/10/1989,10.2
22/10/1989,9.5
23/10/1989,12.4
24/10/1989,10.2
25/10/1989,13.4
26/10/1989,11.6
27/10/1989,8
28/10/1989,9
29/10/1989,9.3
30/10/1989,13.5
31/10/1989,8
1/11/1989,8.1
2/11/1989,10
3/11/1989,8.5
4/11/1989,12.5
5/11/1989,15
6/11/1989,13.3
7/11/1989,11
8/11/1989,11.9
9/11/1989,8.3
10/11/1989,9.7
11/11/1989,11.3
12/11/1989,12.5
13/11/1989,9.4
14/11/1989,11.4
15/11/1989,13.2
16/11/1989,13.8
17/11/1989,16
18/11/1989,10.9
19/11/1989,11.9
20/11/1989,12.4
21/11/1989,13.2
22/11/1989,15.5
23/11/1989,21.6
24/11/1989,14.9
25/11/1989,14.4
26/11/1989,12.9
27/11/1989,13.1
28/11/1989,14
29/11/1989,17.9
30/11/1989,17.7
1/12/1989,16.3
2/12/1989,18.3
3/12/1989,13.7
4/12/1989,13.3
5/12/1989,10.6
6/12/1989,14.1
7/12/1989,16
8/12/1989,16.5
9/12/1989,14.1
10/12/1989,18.7
11/12/1989,16.2
12/12/1989,14.8
13/12/1989,12.6
14/12/1989,10.4
15/12/1989,12.2
16/12/1989,12.6
17/12/1989,12.1
18/12/1989,17.3
19/12/1989,16.4
20/12/1989,12.6
21/12/1989,12.3
22/12/1989,11.8
23/12/1989,12
24/12/1989,12.7
25/12/1989,16.4
26/12/1989,16
27/12/1989,13.3
28/12/1989,11.7
29/12/1989,10.4
30/12/1989,14.4
31/12/1989,12.7
1/01/1990,14.8
2/01/1990,13.3
3/01/1990,15.6
4/01/1990,14.5
5/01/1990,14.3
6/01/1990,15.3
7/01/1990,16.4
8/01/1990,14.8
9/01/1990,17.4
10/01/1990,18.8
11/01/1990,22.1
12/01/1990,19
13/01/1990,15.5
14/01/1990,15.8
15/01/1990,14.7
16/01/1990,10.7
17/01/1990,11.5
18/01/1990,15
19/01/1990,14.5
20/01/1990,14.5
21/01/1990,13.3
22/01/1990,14.3
23/01/1990,14.3
24/01/1990,20.5
25/01/1990,15
26/01/1990,17.1
27/01/1990,16.9
28/01/1990,16.9
29/01/1990,13.6
30/01/1990,16.4
31/01/1990,16.1
1/02/1990,12
2/02/1990,12.2
3/02/1990,14.8
4/02/1990,14.8
5/02/1990,14.4
6/02/1990,12.9
7/02/1990,13.4
8/02/1990,15.9
9/02/1990,16.1
10/02/1990,17.6
11/02/1990,15.6
12/02/1990,15
13/02/1990,13
14/02/1990,14.1
15/02/1990,17.3
16/02/1990,15.7
17/02/1990,18.6
18/02/1990,12.7
19/02/1990,14
20/02/1990,13.7
21/02/1990,16.3
22/02/1990,20
23/02/1990,17
24/02/1990,15.2
25/02/1990,16.5
26/02/1990,16.5
27/02/1990,17.3
28/02/1990,19.1
1/03/1990,19.3
2/03/1990,17.3
3/03/1990,19
4/03/1990,19.8
5/03/1990,19.3
6/03/1990,17.2
7/03/1990,14.2
8/03/1990,10.3
9/03/1990,13
10/03/1990,15.3
11/03/1990,15
12/03/1990,12.1
13/03/1990,9.2
14/03/1990,11
15/03/1990,15
16/03/1990,11.6
17/03/1990,11.6
18/03/1990,15.1
19/03/1990,15
20/03/1990,13.6
21/03/1990,12.5
22/03/1990,14.3
23/03/1990,16
24/03/1990,17.4
25/03/1990,16.9
26/03/1990,18
27/03/1990,20.6
28/03/1990,14.2
29/03/1990,10.9
30/03/1990,11.9
31/03/1990,13.3
1/04/1990,15.3
2/04/1990,14.7
3/04/1990,11
4/04/1990,12.2
5/04/1990,14.2
6/04/1990,17
7/04/1990,15.8
8/04/1990,15.2
9/04/1990,15.1
10/04/1990,14.7
11/04/1990,18.5
12/04/1990,16.4
13/04/1990,18.4
14/04/1990,15.1
15/04/1990,9.9
16/04/1990,10.2
17/04/1990,12.6
18/04/1990,13.2
19/04/1990,11.5
20/04/1990,13.8
21/04/1990,14.5
22/04/1990,14.7
23/04/1990,11.2
24/04/1990,12.7
25/04/1990,13.7
26/04/1990,11.5
27/04/1990,10.4
28/04/1990,8.9
29/04/1990,11.1
30/04/1990,9.5
1/05/1990,13
2/05/1990,13.9
3/05/1990,12.6
4/05/1990,14.3
5/05/1990,16
6/05/1990,13.3
7/05/1990,7
8/05/1990,4.9
9/05/1990,6.9
10/05/1990,13.7
11/05/1990,10.6
12/05/1990,12.3
13/05/1990,11.1
14/05/1990,10.2
15/05/1990,9.5
16/05/1990,8.9
17/05/1990,13.4
18/05/1990,9.1
19/05/1990,9.4
20/05/1990,8.7
21/05/1990,5.8
22/05/1990,4.5
23/05/1990,7.2
24/05/1990,10
25/05/1990,10.5
26/05/1990,10.7
27/05/1990,8.2
28/05/1990,6.1
29/05/1990,4.5
30/05/1990,6.1
31/05/1990,9.8
1/06/1990,9.7
2/06/1990,8.2
3/06/1990,8.4
4/06/1990,8.5
5/06/1990,10.4
6/06/1990,6.8
7/06/1990,6
8/06/1990,6.6
9/06/1990,7.8
10/06/1990,10.3
11/06/1990,7.2
12/06/1990,7.4
13/06/1990,11.4
14/06/1990,5.4
15/06/1990,4.4
16/06/1990,6.4
17/06/1990,9.3
18/06/1990,7.7
19/06/1990,8.1
20/06/1990,8.3
21/06/1990,9.1
22/06/1990,7.7
23/06/1990,10.6
24/06/1990,8.2
25/06/1990,7.9
26/06/1990,5.2
27/06/1990,5.9
28/06/1990,3.7
29/06/1990,5.6
30/06/1990,9.4
1/07/1990,7.4
2/07/1990,7.3
3/07/1990,7.7
4/07/1990,7.7
5/07/1990,9.3
6/07/1990,4.4
7/07/1990,5.7
8/07/1990,10.2
9/07/1990,10.2
10/07/1990,9.3
11/07/1990,5.4
12/07/1990,5
13/07/1990,7.6
14/07/1990,9.6
15/07/1990,10.4
16/07/1990,11.2
17/07/1990,9.1
18/07/1990,11.2
19/07/1990,6.8
20/07/1990,8.3
21/07/1990,9.7
22/07/1990,9.6
23/07/1990,9.8
24/07/1990,10.8
25/07/1990,9.2
26/07/1990,6.5
27/07/1990,8.1
28/07/1990,7.3
29/07/1990,7.9
30/07/1990,6
31/07/1990,5
1/08/1990,6.8
2/08/1990,9.8
3/08/1990,5.7
4/08/1990,8.6
5/08/1990,10.6
6/08/1990,7.8
7/08/1990,7.7
8/08/1990,8.6
9/08/1990,6.5
10/08/1990,6.9
11/08/1990,6.4
12/08/1990,8.5
13/08/1990,7.8
14/08/1990,9.3
15/08/1990,8.4
16/08/1990,7.8
17/08/1990,7.4
18/08/1990,7.7
19/08/1990,8.9
20/08/1990,9.7
21/08/1990,9.9
22/08/1990,6.1
23/08/1990,6.6
24/08/1990,7.6
25/08/1990,7.4
26/08/1990,8
27/08/1990,2.1
28/08/1990,5.9
29/08/1990,11.6
30/08/1990,8.6
31/08/1990,7.9
1/09/1990,6
2/09/1990,9.5
3/09/1990,8.6
4/09/1990,7.6
5/09/1990,10.4
6/09/1990,10.3
7/09/1990,7.5
8/09/1990,3
9/09/1990,5.3
10/09/1990,10.5
11/09/1990,14.6
12/09/1990,12.6
13/09/1990,9.8
14/09/1990,7.2
15/09/1990,10.1
16/09/1990,10.4
17/09/1990,3.7
18/09/1990,7.3
19/09/1990,11.6
20/09/1990,16.3
21/09/1990,9.6
22/09/1990,6.8
23/09/1990,5.2
24/09/1990,10.6
25/09/1990,16.3
26/09/1990,9.8
27/09/1990,4.6
28/09/1990,11.1
29/09/1990,8.7
30/09/1990,10
1/10/1990,11.3
2/10/1990,10.5
3/10/1990,9.9
4/10/1990,11
5/10/1990,14
6/10/1990,9.2
7/10/1990,9.8
8/10/1990,6
9/10/1990,9.8
10/10/1990,9.2
11/10/1990,11.8
12/10/1990,10.3
13/10/1990,7.5
14/10/1990,7.7
15/10/1990,15.8
16/10/1990,14.6
17/10/1990,10.5
18/10/1990,11.3
19/10/1990,10.9
20/10/1990,6.4
21/10/1990,10.9
22/10/1990,9
23/10/1990,10.9
24/10/1990,12.4
25/10/1990,11.6
26/10/1990,13.3
27/10/1990,14.4
28/10/1990,18.4
29/10/1990,13.6
30/10/1990,14.9
31/10/1990,14.8
1/11/1990,15.4
2/11/1990,11.8
3/11/1990,13
4/11/1990,11.1
5/11/1990,12.5
6/11/1990,18.3
7/11/1990,19.2
8/11/1990,15.4
9/11/1990,13.1
10/11/1990,11.5
11/11/1990,8.6
12/11/1990,12.6
13/11/1990,13.8
14/11/1990,14.6
15/11/1990,13.2
16/11/1990,12.3
17/11/1990,8.8
18/11/1990,10.7
19/11/1990,9.9
20/11/1990,8.3
21/11/1990,15
22/11/1990,12.2
23/11/1990,10.5
24/11/1990,11.1
25/11/1990,13
26/11/1990,12.9
27/11/1990,8.8
28/11/1990,14.7
29/11/1990,14.7
30/11/1990,12.7
1/12/1990,13.3
2/12/1990,13.2
3/12/1990,16.2
4/12/1990,17.3
5/12/1990,20.5
6/12/1990,20.2
7/12/1990,19.4
8/12/1990,15.5
9/12/1990,14.1
10/12/1990,11
11/12/1990,11.1
12/12/1990,14
13/12/1990,11.4
14/12/1990,12.5
15/12/1990,13.4
16/12/1990,13.6
17/12/1990,13.9
18/12/1990,17.2
19/12/1990,14.7
20/12/1990,15.4
21/12/1990,13.1
22/12/1990,13.2
23/12/1990,13.9
24/12/1990,10
25/12/1990,12.9
26/12/1990,14.6
27/12/1990,14
28/12/1990,13.6
29/12/1990,13.5
30/12/1990,15.7
31/12/1990,13
